trade_date,index_name,open_price,high_price,low_price,close_price,adj_close,volume
2023-01-02,NIFTY50,18131.69921875,18215.150390625,18086.5,18197.44921875,18197.44921875,256100
2023-01-03,NIFTY50,18163.19921875,18251.94921875,18149.80078125,18232.55078125,18232.55078125,208700
2023-01-04,NIFTY50,18230.650390625,18243.0,18020.599609375,18042.94921875,18042.94921875,235200
2023-01-05,NIFTY50,18101.94921875,18120.30078125,17892.599609375,17992.150390625,17992.150390625,269900
2023-01-06,NIFTY50,18008.05078125,18047.400390625,17795.55078125,17859.44921875,17859.44921875,238200
2023-01-09,NIFTY50,17952.55078125,18141.400390625,17936.150390625,18101.19921875,18101.19921875,257200
2023-01-10,NIFTY50,18121.30078125,18127.599609375,17856.0,17914.150390625,17914.150390625,283300
2023-01-11,NIFTY50,17924.25,17976.349609375,17824.349609375,17895.69921875,17895.69921875,259900
2023-01-12,NIFTY50,17920.849609375,17945.80078125,17761.650390625,17858.19921875,17858.19921875,227800
2023-01-13,NIFTY50,17867.5,17999.349609375,17774.25,17956.599609375,17956.599609375,256700
2023-01-16,NIFTY50,18033.150390625,18049.650390625,17853.650390625,17894.849609375,17894.849609375,206200
2023-01-17,NIFTY50,17922.80078125,18072.05078125,17886.94921875,18053.30078125,18053.30078125,219100
2023-01-18,NIFTY50,18074.30078125,18183.75,18032.44921875,18165.349609375,18165.349609375,255800
2023-01-19,NIFTY50,18119.80078125,18155.19921875,18063.75,18107.849609375,18107.849609375,237800
2023-01-20,NIFTY50,18115.599609375,18145.44921875,18016.19921875,18027.650390625,18027.650390625,237200
2023-01-23,NIFTY50,18118.44921875,18162.599609375,18063.44921875,18118.55078125,18118.55078125,202500
2023-01-24,NIFTY50,18183.94921875,18201.25,18078.650390625,18118.30078125,18118.30078125,216900
2023-01-25,NIFTY50,18093.349609375,18100.599609375,17846.150390625,17891.94921875,17891.94921875,257200
2023-01-27,NIFTY50,17877.19921875,17884.75,17493.55078125,17604.349609375,17604.349609375,476300
2023-01-30,NIFTY50,17541.94921875,17709.150390625,17405.55078125,17648.94921875,17648.94921875,432400
2023-01-31,NIFTY50,17731.44921875,17735.69921875,17537.55078125,17662.150390625,17662.150390625,398300
2023-02-01,NIFTY50,17811.599609375,17972.19921875,17353.400390625,17616.30078125,17616.30078125,512900
2023-02-02,NIFTY50,17517.099609375,17653.900390625,17445.94921875,17610.400390625,17610.400390625,490100
2023-02-03,NIFTY50,17721.75,17870.30078125,17584.19921875,17854.05078125,17854.05078125,424100
2023-02-06,NIFTY50,17818.55078125,17823.69921875,17698.349609375,17764.599609375,17764.599609375,282500
2023-02-07,NIFTY50,17790.099609375,17811.150390625,17652.55078125,17721.5,17721.5,354400
2023-02-08,NIFTY50,17750.30078125,17898.69921875,17744.150390625,17871.69921875,17871.69921875,291000
2023-02-09,NIFTY50,17885.5,17916.900390625,17779.80078125,17893.44921875,17893.44921875,260900
2023-02-10,NIFTY50,17847.55078125,17876.94921875,17801.0,17856.5,17856.5,232000
2023-02-13,NIFTY50,17859.099609375,17880.69921875,17719.75,17770.900390625,17770.900390625,231300
2023-02-14,NIFTY50,17840.349609375,17954.55078125,17800.05078125,17929.849609375,17929.849609375,244500
2023-02-15,NIFTY50,17896.599609375,18034.099609375,17853.80078125,18015.849609375,18015.849609375,229300
2023-02-16,NIFTY50,18094.75,18134.75,18000.650390625,18035.849609375,18035.849609375,230200
2023-02-17,NIFTY50,17974.849609375,18034.25,17884.599609375,17944.19921875,17944.19921875,208100
2023-02-20,NIFTY50,17965.55078125,18004.349609375,17818.400390625,17844.599609375,17844.599609375,174600
2023-02-21,NIFTY50,17905.80078125,17924.900390625,17800.30078125,17826.69921875,17826.69921875,198200
2023-02-22,NIFTY50,17755.349609375,17772.5,17529.44921875,17554.30078125,17554.30078125,204000
2023-02-23,NIFTY50,17574.650390625,17620.05078125,17455.400390625,17511.25,17511.25,240800
2023-02-24,NIFTY50,17591.349609375,17599.75,17421.80078125,17465.80078125,17465.80078125,209400
2023-02-27,NIFTY50,17428.599609375,17451.599609375,17299.0,17392.69921875,17392.69921875,246400
2023-02-28,NIFTY50,17383.25,17440.44921875,17255.19921875,17303.94921875,17303.94921875,420900
2023-03-01,NIFTY50,17360.099609375,17467.75,17345.25,17450.900390625,17450.900390625,272900
2023-03-02,NIFTY50,17421.5,17445.80078125,17306.0,17321.900390625,17321.900390625,310700
2023-03-03,NIFTY50,17451.25,17644.75,17427.69921875,17594.349609375,17594.349609375,356200
2023-03-06,NIFTY50,17680.349609375,17799.94921875,17671.94921875,17711.44921875,17711.44921875,362800
2023-03-08,NIFTY50,17665.75,17766.5,17602.25,17754.400390625,17754.400390625,267000
2023-03-09,NIFTY50,17772.05078125,17772.349609375,17573.599609375,17589.599609375,17589.599609375,262400
2023-03-10,NIFTY50,17443.80078125,17451.5,17324.349609375,17412.900390625,17412.900390625,235900
2023-03-13,NIFTY50,17421.900390625,17529.900390625,17113.44921875,17154.30078125,17154.30078125,254900
2023-03-14,NIFTY50,17160.55078125,17224.650390625,16987.099609375,17043.30078125,17043.30078125,290600
2023-03-15,NIFTY50,17166.44921875,17211.349609375,16938.900390625,16972.150390625,16972.150390625,248200
2023-03-16,NIFTY50,16994.650390625,17062.44921875,16850.150390625,16985.599609375,16985.599609375,349800
2023-03-17,NIFTY50,17111.80078125,17145.80078125,16958.150390625,17100.05078125,17100.05078125,408100
2023-03-20,NIFTY50,17066.599609375,17066.599609375,16828.349609375,16988.400390625,16988.400390625,241800
2023-03-21,NIFTY50,17060.400390625,17127.69921875,17016.0,17107.5,17107.5,246700
2023-03-22,NIFTY50,17177.44921875,17207.25,17107.849609375,17151.900390625,17151.900390625,0
2023-03-23,NIFTY50,17097.400390625,17205.400390625,17045.30078125,17076.900390625,17076.900390625,219200
2023-03-24,NIFTY50,17076.19921875,17109.44921875,16917.349609375,16945.05078125,16945.05078125,228000
2023-03-27,NIFTY50,16984.30078125,17091.0,16918.55078125,16985.69921875,16985.69921875,218400
2023-03-28,NIFTY50,17031.75,17061.75,16913.75,16951.69921875,16951.69921875,238800
2023-03-29,NIFTY50,16977.30078125,17126.150390625,16940.599609375,17080.69921875,17080.69921875,345900
2023-03-31,NIFTY50,17210.349609375,17381.599609375,17204.650390625,17359.75,17359.75,263900
2023-04-03,NIFTY50,17427.94921875,17428.05078125,17312.75,17398.05078125,17398.05078125,230200
2023-04-05,NIFTY50,17422.30078125,17570.55078125,17402.69921875,17557.05078125,17557.05078125,248300
2023-04-06,NIFTY50,17533.849609375,17638.69921875,17502.849609375,17599.150390625,17599.150390625,242700
2023-04-10,NIFTY50,17634.900390625,17694.099609375,17597.94921875,17624.05078125,17624.05078125,254800
2023-04-11,NIFTY50,17704.80078125,17748.75,17655.150390625,17722.30078125,17722.30078125,304300
2023-04-12,NIFTY50,17759.55078125,17825.75,17717.25,17812.400390625,17812.400390625,232800
2023-04-13,NIFTY50,17807.30078125,17842.150390625,17729.650390625,17828.0,17828.0,285800
2023-04-17,NIFTY50,17863.0,17863.0,17574.05078125,17706.849609375,17706.849609375,357400
2023-04-18,NIFTY50,17766.599609375,17766.599609375,17610.19921875,17660.150390625,17660.150390625,258900
2023-04-19,NIFTY50,17653.349609375,17666.150390625,17579.849609375,17618.75,17618.75,281500
2023-04-20,NIFTY50,17638.599609375,17684.44921875,17584.349609375,17624.44921875,17624.44921875,215100
2023-04-21,NIFTY50,17639.75,17663.19921875,17553.94921875,17624.05078125,17624.05078125,230200
2023-04-24,NIFTY50,17707.55078125,17754.5,17612.5,17743.400390625,17743.400390625,255700
2023-04-25,NIFTY50,17761.55078125,17807.44921875,17716.849609375,17769.25,17769.25,297400
2023-04-26,NIFTY50,17767.30078125,17827.75,17711.19921875,17813.599609375,17813.599609375,233000
2023-04-27,NIFTY50,17813.099609375,17931.599609375,17797.900390625,17915.05078125,17915.05078125,241400
2023-04-28,NIFTY50,17950.400390625,18089.150390625,17885.30078125,18065.0,18065.0,290300
2023-05-02,NIFTY50,18124.80078125,18180.25,18101.75,18147.650390625,18147.650390625,265200
2023-05-03,NIFTY50,18113.80078125,18116.349609375,18042.400390625,18089.849609375,18089.849609375,226200
2023-05-04,NIFTY50,18081.0,18267.44921875,18066.69921875,18255.80078125,18255.80078125,226600
2023-05-05,NIFTY50,18117.30078125,18216.94921875,18055.44921875,18069.0,18069.0,239700
2023-05-08,NIFTY50,18120.599609375,18286.94921875,18100.30078125,18264.400390625,18264.400390625,228400
2023-05-09,NIFTY50,18303.400390625,18344.19921875,18229.650390625,18265.94921875,18265.94921875,245400
2023-05-10,NIFTY50,18313.599609375,18326.75,18211.94921875,18315.099609375,18315.099609375,220500
2023-05-11,NIFTY50,18357.80078125,18389.69921875,18270.400390625,18297.0,18297.0,248900
2023-05-12,NIFTY50,18273.75,18342.75,18194.55078125,18314.80078125,18314.80078125,241700
2023-05-15,NIFTY50,18339.30078125,18458.900390625,18287.900390625,18398.849609375,18398.849609375,216100
2023-05-16,NIFTY50,18432.349609375,18432.349609375,18264.349609375,18286.5,18286.5,219500
2023-05-17,NIFTY50,18300.44921875,18309.0,18115.349609375,18181.75,18181.75,229900
2023-05-18,NIFTY50,18287.5,18297.19921875,18104.849609375,18129.94921875,18129.94921875,272100
2023-05-19,NIFTY50,18186.150390625,18218.099609375,18060.400390625,18203.400390625,18203.400390625,260900
2023-05-22,NIFTY50,18201.099609375,18335.25,18178.849609375,18314.400390625,18314.400390625,262600
2023-05-23,NIFTY50,18362.900390625,18419.75,18324.19921875,18348.0,18348.0,270400
2023-05-24,NIFTY50,18294.80078125,18392.599609375,18262.94921875,18285.400390625,18285.400390625,232600
2023-05-25,NIFTY50,18268.900390625,18338.099609375,18202.400390625,18321.150390625,18321.150390625,235900
2023-05-26,NIFTY50,18368.349609375,18508.55078125,18333.150390625,18499.349609375,18499.349609375,198700
2023-05-29,NIFTY50,18619.150390625,18641.19921875,18581.25,18598.650390625,18598.650390625,265300
2023-05-30,NIFTY50,18606.650390625,18662.44921875,18575.5,18633.849609375,18633.849609375,234400
2023-05-31,NIFTY50,18594.19921875,18603.900390625,18483.849609375,18534.400390625,18534.400390625,696500
2023-06-01,NIFTY50,18579.400390625,18580.30078125,18464.55078125,18487.75,18487.75,265600
2023-06-02,NIFTY50,18550.849609375,18573.69921875,18478.400390625,18534.099609375,18534.099609375,270900
2023-06-05,NIFTY50,18612.0,18640.150390625,18582.80078125,18593.849609375,18593.849609375,256100
2023-06-06,NIFTY50,18600.80078125,18622.75,18531.599609375,18599.0,18599.0,220800
2023-06-07,NIFTY50,18665.599609375,18738.94921875,18636.0,18726.400390625,18726.400390625,260100
2023-06-08,NIFTY50,18725.349609375,18777.900390625,18615.599609375,18634.55078125,18634.55078125,286500
2023-06-09,NIFTY50,18655.900390625,18676.650390625,18555.400390625,18563.400390625,18563.400390625,221800
2023-06-12,NIFTY50,18595.05078125,18633.599609375,18559.75,18601.5,18601.5,179500
2023-06-13,NIFTY50,18631.80078125,18728.900390625,18631.80078125,18716.150390625,18716.150390625,233200
2023-06-14,NIFTY50,18744.599609375,18769.69921875,18690.0,18755.900390625,18755.900390625,261400
2023-06-15,NIFTY50,18774.44921875,18794.099609375,18669.05078125,18688.099609375,18688.099609375,263000
2023-06-16,NIFTY50,18723.30078125,18864.69921875,18710.5,18826.0,18826.0,272800
2023-06-19,NIFTY50,18873.30078125,18881.44921875,18719.150390625,18755.44921875,18755.44921875,219800
2023-06-20,NIFTY50,18752.349609375,18839.69921875,18660.650390625,18816.69921875,18816.69921875,211600
2023-06-21,NIFTY50,18849.400390625,18875.900390625,18794.849609375,18856.849609375,18856.849609375,217500
2023-06-22,NIFTY50,18853.599609375,18886.599609375,18759.5,18771.25,18771.25,252700
2023-06-23,NIFTY50,18741.849609375,18756.400390625,18647.099609375,18665.5,18665.5,210600
2023-06-26,NIFTY50,18682.349609375,18722.05078125,18646.69921875,18691.19921875,18691.19921875,171300
2023-06-27,NIFTY50,18748.55078125,18829.25,18714.25,18817.400390625,18817.400390625,222500
2023-06-28,NIFTY50,18908.150390625,19011.25,18861.349609375,18972.099609375,18972.099609375,398800
2023-06-30,NIFTY50,19076.849609375,19201.69921875,19024.599609375,19189.05078125,19189.05078125,247900
2023-07-03,NIFTY50,19246.5,19345.099609375,19234.400390625,19322.55078125,19322.55078125,226100
2023-07-04,NIFTY50,19406.599609375,19434.150390625,19300.0,19389.0,19389.0,226900
2023-07-05,NIFTY50,19405.94921875,19421.599609375,19339.599609375,19398.5,19398.5,224400
2023-07-06,NIFTY50,19385.69921875,19512.19921875,19373.0,19497.30078125,19497.30078125,268300
2023-07-07,NIFTY50,19422.80078125,19523.599609375,19303.599609375,19331.80078125,19331.80078125,237100
2023-07-10,NIFTY50,19400.349609375,19435.849609375,19327.099609375,19355.900390625,19355.900390625,268200
2023-07-11,NIFTY50,19427.099609375,19515.099609375,19406.44921875,19439.400390625,19439.400390625,251300
2023-07-12,NIFTY50,19497.44921875,19507.69921875,19361.75,19384.30078125,19384.30078125,327900
2023-07-13,NIFTY50,19495.19921875,19567.0,19385.80078125,19413.75,19413.75,310400
2023-07-14,NIFTY50,19493.44921875,19595.349609375,19433.5,19564.5,19564.5,291200
2023-07-17,NIFTY50,19612.150390625,19731.849609375,19562.94921875,19711.44921875,19711.44921875,268700
2023-07-18,NIFTY50,19787.5,19819.44921875,19690.19921875,19749.25,19749.25,286400
2023-07-19,NIFTY50,19802.94921875,19851.69921875,19727.44921875,19833.150390625,19833.150390625,259700
2023-07-20,NIFTY50,19831.69921875,19991.849609375,19758.400390625,19979.150390625,19979.150390625,274700
2023-07-21,NIFTY50,19800.44921875,19887.400390625,19700.0,19745.0,19745.0,312500
2023-07-24,NIFTY50,19748.44921875,19782.75,19658.30078125,19672.349609375,19672.349609375,265600
2023-07-25,NIFTY50,19729.349609375,19729.349609375,19615.94921875,19680.599609375,19680.599609375,369700
2023-07-26,NIFTY50,19733.349609375,19825.599609375,19716.69921875,19778.30078125,19778.30078125,244700
2023-07-27,NIFTY50,19850.900390625,19867.55078125,19603.55078125,19659.900390625,19659.900390625,334900
2023-07-28,NIFTY50,19659.75,19695.900390625,19563.099609375,19646.05078125,19646.05078125,258700
2023-07-31,NIFTY50,19666.349609375,19772.75,19597.599609375,19753.80078125,19753.80078125,295100
2023-08-01,NIFTY50,19784.0,19795.599609375,19704.599609375,19733.55078125,19733.55078125,298000
2023-08-02,NIFTY50,19655.400390625,19678.25,19423.55078125,19526.55078125,19526.55078125,290700
2023-08-03,NIFTY50,19463.75,19537.650390625,19296.44921875,19381.650390625,19381.650390625,315700
2023-08-04,NIFTY50,19462.80078125,19538.849609375,19436.44921875,19517.0,19517.0,280800
2023-08-07,NIFTY50,19576.849609375,19620.44921875,19524.80078125,19597.30078125,19597.30078125,216600
2023-08-08,NIFTY50,19627.19921875,19634.400390625,19533.099609375,19570.849609375,19570.849609375,260300
2023-08-09,NIFTY50,19578.80078125,19645.5,19467.5,19632.55078125,19632.55078125,266500
2023-08-10,NIFTY50,19605.55078125,19623.599609375,19495.400390625,19543.099609375,19543.099609375,312200
2023-08-11,NIFTY50,19554.25,19557.75,19412.75,19428.30078125,19428.30078125,235500
2023-08-14,NIFTY50,19383.94921875,19465.849609375,19257.900390625,19434.55078125,19434.55078125,243900
2023-08-16,NIFTY50,19369.0,19482.75,19317.19921875,19465.0,19465.0,0
2023-08-17,NIFTY50,19450.55078125,19461.55078125,19326.25,19365.25,19365.25,268700
2023-08-18,NIFTY50,19301.75,19373.80078125,19253.599609375,19310.150390625,19310.150390625,256100
2023-08-21,NIFTY50,19320.650390625,19425.94921875,19296.30078125,19393.599609375,19393.599609375,262600
2023-08-22,NIFTY50,19417.099609375,19443.5,19381.30078125,19396.44921875,19396.44921875,208700
2023-08-23,NIFTY50,19439.19921875,19472.05078125,19366.599609375,19444.0,19444.0,225200
2023-08-24,NIFTY50,19535.150390625,19584.44921875,19369.0,19386.69921875,19386.69921875,268300
2023-08-25,NIFTY50,19297.400390625,19339.55078125,19229.69921875,19265.80078125,19265.80078125,466500
2023-08-28,NIFTY50,19298.349609375,19366.849609375,19249.69921875,19306.05078125,19306.05078125,248200
2023-08-29,NIFTY50,19374.849609375,19377.900390625,19309.099609375,19342.650390625,19342.650390625,307400
2023-08-30,NIFTY50,19433.44921875,19452.80078125,19334.75,19347.44921875,19347.44921875,233000
2023-08-31,NIFTY50,19375.55078125,19388.19921875,19223.650390625,19253.80078125,19253.80078125,562600
2023-09-01,NIFTY50,19258.150390625,19458.55078125,19255.69921875,19435.30078125,19435.30078125,333000
2023-09-04,NIFTY50,19525.05078125,19545.150390625,19432.849609375,19528.80078125,19528.80078125,296800
2023-09-05,NIFTY50,19564.650390625,19587.05078125,19525.75,19574.900390625,19574.900390625,256800
2023-09-06,NIFTY50,19581.19921875,19636.44921875,19491.5,19611.05078125,19611.05078125,287600
2023-09-07,NIFTY50,19598.650390625,19737.0,19550.05078125,19727.05078125,19727.05078125,304900
2023-09-08,NIFTY50,19774.80078125,19867.150390625,19727.05078125,19819.94921875,19819.94921875,288100
2023-09-11,NIFTY50,19890.0,20008.150390625,19865.349609375,19996.349609375,19996.349609375,248800
2023-09-12,NIFTY50,20110.150390625,20110.349609375,19914.650390625,19993.19921875,19993.19921875,328100
2023-09-13,NIFTY50,19989.5,20096.900390625,19944.099609375,20070.0,20070.0,251400
2023-09-14,NIFTY50,20127.94921875,20167.650390625,20043.44921875,20103.099609375,20103.099609375,275100
2023-09-15,NIFTY50,20156.44921875,20222.44921875,20129.69921875,20192.349609375,20192.349609375,438200
2023-09-18,NIFTY50,20155.94921875,20195.349609375,20115.69921875,20133.30078125,20133.30078125,264900
2023-09-20,NIFTY50,19980.75,20050.650390625,19878.849609375,19901.400390625,19901.400390625,378100
2023-09-21,NIFTY50,19840.55078125,19848.75,19709.94921875,19742.349609375,19742.349609375,275100
2023-09-22,NIFTY50,19744.849609375,19798.650390625,19657.5,19674.25,19674.25,246400
2023-09-25,NIFTY50,19678.19921875,19734.150390625,19601.55078125,19674.55078125,19674.55078125,188400
2023-09-26,NIFTY50,19682.80078125,19699.349609375,19637.44921875,19664.69921875,19664.69921875,204900
2023-09-27,NIFTY50,19637.05078125,19730.69921875,19554.0,19716.44921875,19716.44921875,203600
2023-09-28,NIFTY50,19761.80078125,19766.650390625,19492.099609375,19523.55078125,19523.55078125,352800
2023-09-29,NIFTY50,19581.19921875,19726.25,19551.05078125,19638.30078125,19638.30078125,243500
2023-10-03,NIFTY50,19622.400390625,19623.19921875,19479.650390625,19528.75,19528.75,221700
2023-10-04,NIFTY50,19446.30078125,19457.80078125,19333.599609375,19436.099609375,19436.099609375,277100
2023-10-05,NIFTY50,19521.849609375,19576.94921875,19487.30078125,19545.75,19545.75,234900
2023-10-06,NIFTY50,19621.19921875,19675.75,19589.400390625,19653.5,19653.5,159100
2023-10-09,NIFTY50,19539.44921875,19588.94921875,19480.5,19512.349609375,19512.349609375,165100
2023-10-10,NIFTY50,19565.599609375,19717.80078125,19565.44921875,19689.849609375,19689.849609375,216600
2023-10-11,NIFTY50,19767.0,19839.19921875,19756.94921875,19811.349609375,19811.349609375,213700
2023-10-12,NIFTY50,19822.69921875,19843.30078125,19772.650390625,19794.0,19794.0,217900
2023-10-13,NIFTY50,19654.55078125,19805.400390625,19635.30078125,19751.05078125,19751.05078125,255000
2023-10-16,NIFTY50,19737.25,19781.30078125,19691.849609375,19731.75,19731.75,181000
2023-10-17,NIFTY50,19843.19921875,19849.75,19775.650390625,19811.5,19811.5,185800
2023-10-18,NIFTY50,19820.44921875,19840.94921875,19659.94921875,19671.099609375,19671.099609375,198900
2023-10-19,NIFTY50,19545.19921875,19681.80078125,19512.349609375,19624.69921875,19624.69921875,230300
2023-10-20,NIFTY50,19542.150390625,19593.80078125,19518.69921875,19542.650390625,19542.650390625,198300
2023-10-23,NIFTY50,19521.599609375,19556.849609375,19257.849609375,19281.75,19281.75,176000
2023-10-25,NIFTY50,19286.44921875,19347.30078125,19074.150390625,19122.150390625,19122.150390625,225300
2023-10-26,NIFTY50,19027.25,19041.69921875,18837.849609375,18857.25,18857.25,300400
2023-10-27,NIFTY50,18928.75,19076.150390625,18926.650390625,19047.25,19047.25,205200
2023-10-30,NIFTY50,19053.400390625,19158.5,18940.0,19140.900390625,19140.900390625,180100
2023-10-31,NIFTY50,19232.94921875,19233.69921875,19056.44921875,19079.599609375,19079.599609375,206000
2023-11-01,NIFTY50,19064.05078125,19096.05078125,18973.69921875,18989.150390625,18989.150390625,194100
2023-11-02,NIFTY50,19120.0,19175.25,19064.150390625,19133.25,19133.25,245600
2023-11-03,NIFTY50,19241.0,19276.25,19210.900390625,19230.599609375,19230.599609375,189500
2023-11-06,NIFTY50,19345.849609375,19423.0,19309.69921875,19411.75,19411.75,180700
2023-11-07,NIFTY50,19404.05078125,19423.5,19329.099609375,19406.69921875,19406.69921875,198700
2023-11-08,NIFTY50,19449.599609375,19464.400390625,19401.5,19443.5,19443.5,195000
2023-11-09,NIFTY50,19457.400390625,19463.900390625,19378.349609375,19395.30078125,19395.30078125,208400
2023-11-10,NIFTY50,19351.849609375,19451.30078125,19329.44921875,19425.349609375,19425.349609375,152200
2023-11-13,NIFTY50,19486.75,19494.400390625,19414.75,19443.55078125,19443.55078125,189300
2023-11-15,NIFTY50,19651.400390625,19693.19921875,19579.650390625,19675.44921875,19675.44921875,291500
2023-11-16,NIFTY50,19674.69921875,19875.25,19627.0,19765.19921875,19765.19921875,282700
2023-11-17,NIFTY50,19674.75,19806.0,19667.44921875,19731.80078125,19731.80078125,236800
2023-11-20,NIFTY50,19731.150390625,19756.44921875,19670.5,19694.0,19694.0,173800
2023-11-21,NIFTY50,19770.900390625,19829.099609375,19754.05078125,19783.400390625,19783.400390625,195000
2023-11-22,NIFTY50,19784.0,19825.55078125,19703.849609375,19811.849609375,19811.849609375,184500
2023-11-23,NIFTY50,19828.44921875,19875.150390625,19786.75,19802.0,19802.0,170000
2023-11-24,NIFTY50,19809.599609375,19832.849609375,19768.849609375,19794.69921875,19794.69921875,145900
2023-11-28,NIFTY50,19844.650390625,19916.849609375,19800.0,19889.69921875,19889.69921875,229600
2023-11-29,NIFTY50,19976.55078125,20104.650390625,19956.30078125,20096.599609375,20096.599609375,236200
2023-11-30,NIFTY50,20108.5,20158.69921875,20015.849609375,20133.150390625,20133.150390625,486600
2023-12-01,NIFTY50,20194.099609375,20291.55078125,20183.69921875,20267.900390625,20267.900390625,265800
2023-12-04,NIFTY50,20601.94921875,20702.650390625,20507.75,20686.80078125,20686.80078125,381100
2023-12-05,NIFTY50,20808.900390625,20864.05078125,20711.150390625,20855.099609375,20855.099609375,421000
2023-12-06,NIFTY50,20950.75,20961.94921875,20852.150390625,20937.69921875,20937.69921875,359200
2023-12-07,NIFTY50,20932.400390625,20941.25,20850.80078125,20901.150390625,20901.150390625,275000
2023-12-08,NIFTY50,20934.099609375,21006.099609375,20862.69921875,20969.400390625,20969.400390625,292400
2023-12-11,NIFTY50,20965.30078125,21026.099609375,20923.69921875,20997.099609375,20997.099609375,212900
2023-12-12,NIFTY50,21018.55078125,21037.900390625,20867.150390625,20906.400390625,20906.400390625,244900
2023-12-13,NIFTY50,20929.75,20950.0,20769.5,20926.349609375,20926.349609375,260300
2023-12-14,NIFTY50,21110.400390625,21210.900390625,21074.44921875,21182.69921875,21182.69921875,334400
2023-12-15,NIFTY50,21287.44921875,21492.30078125,21235.30078125,21456.650390625,21456.650390625,508800
2023-12-18,NIFTY50,21434.80078125,21482.80078125,21365.349609375,21418.650390625,21418.650390625,249700
2023-12-19,NIFTY50,21477.650390625,21505.05078125,21337.75,21453.099609375,21453.099609375,249800
2023-12-20,NIFTY50,21543.5,21593.0,21087.349609375,21150.150390625,21150.150390625,363900
2023-12-21,NIFTY50,21033.94921875,21288.349609375,20976.80078125,21255.05078125,21255.05078125,277500
2023-12-22,NIFTY50,21295.849609375,21390.5,21232.44921875,21349.400390625,21349.400390625,284700
2023-12-26,NIFTY50,21365.19921875,21477.150390625,21329.44921875,21441.349609375,21441.349609375,219500
2023-12-27,NIFTY50,21497.650390625,21675.75,21495.80078125,21654.75,21654.75,256500
2023-12-28,NIFTY50,21715.0,21801.44921875,21678.0,21778.69921875,21778.69921875,393100
2023-12-29,NIFTY50,21737.650390625,21770.30078125,21676.900390625,21731.400390625,21731.400390625,270900
2024-01-01,NIFTY50,21727.75,21834.349609375,21680.849609375,21741.900390625,21741.900390625,154000
2024-01-02,NIFTY50,21751.349609375,21755.599609375,21555.650390625,21665.80078125,21665.80078125,263700
2024-01-03,NIFTY50,21661.099609375,21677.0,21500.349609375,21517.349609375,21517.349609375,311900
2024-01-04,NIFTY50,21605.80078125,21685.650390625,21564.55078125,21658.599609375,21658.599609375,339200
2024-01-05,NIFTY50,21705.75,21749.599609375,21629.19921875,21710.80078125,21710.80078125,309300
2024-01-08,NIFTY50,21747.599609375,21763.94921875,21492.900390625,21513.0,21513.0,231500
2024-01-09,NIFTY50,21653.599609375,21724.44921875,21517.849609375,21544.849609375,21544.849609375,228600
2024-01-10,NIFTY50,21529.30078125,21641.849609375,21448.650390625,21618.69921875,21618.69921875,217000
2024-01-11,NIFTY50,21688.0,21726.5,21593.75,21647.19921875,21647.19921875,212500
2024-01-12,NIFTY50,21773.55078125,21928.25,21715.150390625,21894.55078125,21894.55078125,294700
2024-01-15,NIFTY50,22053.150390625,22115.55078125,21963.55078125,22097.44921875,22097.44921875,345500
2024-01-16,NIFTY50,22080.5,22124.150390625,21969.80078125,22032.30078125,22032.30078125,292400
2024-01-17,NIFTY50,21647.25,21851.5,21550.44921875,21571.94921875,21571.94921875,456000
2024-01-18,NIFTY50,21414.19921875,21539.400390625,21285.55078125,21462.25,21462.25,387300
2024-01-19,NIFTY50,21615.19921875,21670.599609375,21575.0,21622.400390625,21622.400390625,343100
2024-01-23,NIFTY50,21716.69921875,21750.25,21192.599609375,21238.80078125,21238.80078125,449700
2024-01-24,NIFTY50,21185.25,21482.349609375,21137.19921875,21453.94921875,21453.94921875,407500
2024-01-25,NIFTY50,21454.599609375,21459.0,21247.05078125,21352.599609375,21352.599609375,418100
2024-01-29,NIFTY50,21433.099609375,21763.25,21429.599609375,21737.599609375,21737.599609375,376700
2024-01-30,NIFTY50,21775.75,21813.05078125,21501.80078125,21522.099609375,21522.099609375,375100
2024-01-31,NIFTY50,21487.25,21741.349609375,21448.849609375,21725.69921875,21725.69921875,410600
2024-02-01,NIFTY50,21780.650390625,21832.94921875,21658.75,21697.44921875,21697.44921875,332500
2024-02-02,NIFTY50,21812.75,22126.80078125,21805.55078125,21853.80078125,21853.80078125,442800
2024-02-05,NIFTY50,21921.05078125,21964.30078125,21726.94921875,21771.69921875,21771.69921875,440800
2024-02-06,NIFTY50,21825.19921875,21951.400390625,21737.55078125,21929.400390625,21929.400390625,371000
2024-02-07,NIFTY50,22045.05078125,22053.30078125,21860.150390625,21930.5,21930.5,346300
2024-02-08,NIFTY50,22009.650390625,22011.05078125,21665.30078125,21717.94921875,21717.94921875,491100
2024-02-09,NIFTY50,21727.0,21804.44921875,21629.900390625,21782.5,21782.5,349200
2024-02-12,NIFTY50,21800.80078125,21831.69921875,21574.75,21616.05078125,21616.05078125,287400
2024-02-13,NIFTY50,21664.30078125,21766.80078125,21543.349609375,21743.25,21743.25,365800
2024-02-14,NIFTY50,21578.150390625,21870.849609375,21530.19921875,21840.05078125,21840.05078125,359100
2024-02-15,NIFTY50,21906.55078125,21953.849609375,21794.80078125,21910.75,21910.75,345400
2024-02-16,NIFTY50,22020.30078125,22068.650390625,21968.94921875,22040.69921875,22040.69921875,343900
2024-02-19,NIFTY50,22103.44921875,22186.650390625,22021.05078125,22122.25,22122.25,0
2024-02-20,NIFTY50,22099.19921875,22215.599609375,22045.849609375,22196.94921875,22196.94921875,295700
2024-02-21,NIFTY50,22248.849609375,22249.400390625,21997.94921875,22055.05078125,22055.05078125,364500
2024-02-22,NIFTY50,22081.55078125,22252.5,21875.25,22217.44921875,22217.44921875,343500
2024-02-23,NIFTY50,22290.0,22297.5,22186.099609375,22212.69921875,22212.69921875,226000
2024-02-26,NIFTY50,22169.19921875,22202.150390625,22075.150390625,22122.05078125,22122.05078125,207800
2024-02-27,NIFTY50,22090.19921875,22218.25,22085.650390625,22198.349609375,22198.349609375,252200
2024-02-28,NIFTY50,22214.099609375,22229.150390625,21915.849609375,21951.150390625,21951.150390625,203000
2024-02-29,NIFTY50,21935.19921875,22060.55078125,21860.650390625,21982.80078125,21982.80078125,360200
2024-03-01,NIFTY50,22048.30078125,22353.30078125,22047.75,22338.75,22338.75,351500
2024-03-04,NIFTY50,22403.5,22440.900390625,22358.30078125,22405.599609375,22405.599609375,298800
2024-03-05,NIFTY50,22371.25,22416.900390625,22269.150390625,22356.30078125,22356.30078125,296200
2024-03-06,NIFTY50,22327.5,22497.19921875,22224.349609375,22474.05078125,22474.05078125,312300
2024-03-07,NIFTY50,22505.30078125,22525.650390625,22430.0,22493.55078125,22493.55078125,379900
2024-03-11,NIFTY50,22517.5,22526.599609375,22307.25,22332.650390625,22332.650390625,277900
2024-03-12,NIFTY50,22334.44921875,22452.55078125,22256.0,22335.69921875,22335.69921875,299200
2024-03-13,NIFTY50,22432.19921875,22446.75,21905.650390625,21997.69921875,21997.69921875,493300
2024-03-14,NIFTY50,21982.55078125,22204.599609375,21917.5,22146.650390625,22146.650390625,426700
2024-03-15,NIFTY50,22064.849609375,22120.900390625,21931.69921875,22023.349609375,22023.349609375,661500
2024-03-18,NIFTY50,21990.099609375,22123.69921875,21916.55078125,22055.69921875,22055.69921875,356300
2024-03-19,NIFTY50,21946.44921875,21978.30078125,21793.099609375,21817.44921875,21817.44921875,344200
2024-03-20,NIFTY50,21843.900390625,21930.900390625,21710.19921875,21839.099609375,21839.099609375,312400
2024-03-21,NIFTY50,21989.900390625,22080.94921875,21941.30078125,22011.94921875,22011.94921875,353200
2024-03-22,NIFTY50,21932.19921875,22180.69921875,21883.30078125,22096.75,22096.75,388700
2024-03-26,NIFTY50,21947.900390625,22073.19921875,21947.55078125,22004.69921875,22004.69921875,328400
2024-03-27,NIFTY50,22053.94921875,22193.599609375,22052.849609375,22123.650390625,22123.650390625,409100
2024-03-28,NIFTY50,22163.599609375,22516.0,22163.599609375,22326.900390625,22326.900390625,410500
2024-04-01,NIFTY50,22455.0,22529.94921875,22427.75,22462.0,22462.0,0
2024-04-02,NIFTY50,22458.80078125,22497.599609375,22388.150390625,22453.30078125,22453.30078125,289500
2024-04-03,NIFTY50,22385.69921875,22521.099609375,22346.5,22434.650390625,22434.650390625,309600
2024-04-04,NIFTY50,22592.099609375,22619.0,22303.80078125,22514.650390625,22514.650390625,401000
2024-04-05,NIFTY50,22486.400390625,22537.599609375,22427.599609375,22513.69921875,22513.69921875,242200
2024-04-08,NIFTY50,22578.349609375,22697.30078125,22550.349609375,22666.30078125,22666.30078125,227600
2024-04-09,NIFTY50,22765.099609375,22768.400390625,22612.25,22642.75,22642.75,232400
2024-04-10,NIFTY50,22720.25,22775.69921875,22673.69921875,22753.80078125,22753.80078125,276800
2024-04-12,NIFTY50,22677.400390625,22726.44921875,22503.75,22519.400390625,22519.400390625,357200
2024-04-15,NIFTY50,22339.05078125,22427.44921875,22259.55078125,22272.5,22272.5,355500
2024-04-16,NIFTY50,22125.30078125,22213.75,22079.44921875,22147.900390625,22147.900390625,317300
2024-04-18,NIFTY50,22212.349609375,22326.5,21961.69921875,21995.849609375,21995.849609375,456900
2024-04-19,NIFTY50,21861.5,22179.55078125,21777.650390625,22147.0,22147.0,362500
2024-04-22,NIFTY50,22336.900390625,22375.650390625,22198.150390625,22336.400390625,22336.400390625,279300
2024-04-23,NIFTY50,22447.05078125,22447.55078125,22349.44921875,22368.0,22368.0,231500
2024-04-24,NIFTY50,22421.55078125,22476.44921875,22384.0,22402.400390625,22402.400390625,235900
2024-04-25,NIFTY50,22316.900390625,22625.94921875,22305.25,22570.349609375,22570.349609375,475000
2024-04-26,NIFTY50,22620.400390625,22620.400390625,22385.55078125,22419.94921875,22419.94921875,329900
2024-04-29,NIFTY50,22475.55078125,22655.80078125,22441.900390625,22643.400390625,22643.400390625,292000
2024-04-30,NIFTY50,22679.650390625,22783.349609375,22568.400390625,22604.849609375,22604.849609375,361900
2024-05-02,NIFTY50,22567.849609375,22710.5,22567.849609375,22648.19921875,22648.19921875,445900
2024-05-03,NIFTY50,22766.349609375,22794.69921875,22348.05078125,22475.849609375,22475.849609375,438100
2024-05-06,NIFTY50,22561.599609375,22588.80078125,22409.44921875,22442.69921875,22442.69921875,320300
2024-05-07,NIFTY50,22489.75,22499.05078125,22232.05078125,22302.5,22302.5,297800
2024-05-08,NIFTY50,22231.19921875,22368.650390625,22185.19921875,22302.5,22302.5,277400
2024-05-09,NIFTY50,22224.80078125,22307.75,21932.400390625,21957.5,21957.5,331300
2024-05-10,NIFTY50,21990.94921875,22131.30078125,21950.30078125,22055.19921875,22055.19921875,265800
2024-05-13,NIFTY50,22027.94921875,22131.650390625,21821.05078125,22104.05078125,22104.05078125,278200
2024-05-14,NIFTY50,22112.900390625,22270.05078125,22081.25,22217.849609375,22217.849609375,230200
2024-05-15,NIFTY50,22255.599609375,22297.55078125,22151.75,22200.55078125,22200.55078125,231900
2024-05-16,NIFTY50,22319.19921875,22432.25,22054.55078125,22403.849609375,22403.849609375,368900
2024-05-17,NIFTY50,22415.25,22502.150390625,22345.650390625,22466.099609375,22466.099609375,242700
2024-05-21,NIFTY50,22404.55078125,22591.099609375,22404.55078125,22529.05078125,22529.05078125,347600
2024-05-22,NIFTY50,22576.599609375,22629.5,22483.150390625,22597.80078125,22597.80078125,290300
2024-05-23,NIFTY50,22614.099609375,22993.599609375,22577.44921875,22967.650390625,22967.650390625,369800
2024-05-24,NIFTY50,22930.75,23026.400390625,22908.0,22957.099609375,22957.099609375,261900
2024-05-27,NIFTY50,23038.94921875,23110.80078125,22871.19921875,22932.44921875,22932.44921875,260000
2024-05-28,NIFTY50,22977.150390625,22998.55078125,22858.5,22888.150390625,22888.150390625,217900
2024-05-29,NIFTY50,22762.75,22825.5,22685.44921875,22704.69921875,22704.69921875,269900
2024-05-30,NIFTY50,22617.44921875,22705.75,22417.0,22488.650390625,22488.650390625,373400
2024-05-31,NIFTY50,22568.099609375,22653.75,22465.099609375,22530.69921875,22530.69921875,572100
2024-06-03,NIFTY50,23337.900390625,23338.69921875,23062.30078125,23263.900390625,23263.900390625,569400
2024-06-04,NIFTY50,23179.5,23179.5,21281.44921875,21884.5,21884.5,1006100
2024-06-05,NIFTY50,22128.349609375,22670.400390625,21791.94921875,22620.349609375,22620.349609375,638500
2024-06-06,NIFTY50,22798.599609375,22910.150390625,22642.599609375,22821.400390625,22821.400390625,480400
2024-06-07,NIFTY50,22821.849609375,23320.19921875,22789.05078125,23290.150390625,23290.150390625,473600
2024-06-10,NIFTY50,23319.150390625,23411.900390625,23227.150390625,23259.19921875,23259.19921875,304400
2024-06-11,NIFTY50,23283.75,23389.44921875,23206.650390625,23264.849609375,23264.849609375,305200
2024-06-12,NIFTY50,23344.44921875,23441.94921875,23295.94921875,23322.94921875,23322.94921875,295600
2024-06-13,NIFTY50,23480.94921875,23481.05078125,23353.900390625,23398.900390625,23398.900390625,268300
2024-06-14,NIFTY50,23464.94921875,23490.400390625,23334.25,23465.599609375,23465.599609375,223100
2024-06-18,NIFTY50,23570.80078125,23579.05078125,23499.69921875,23557.900390625,23557.900390625,272200
2024-06-19,NIFTY50,23629.849609375,23664.0,23412.900390625,23516.0,23516.0,328800
2024-06-20,NIFTY50,23586.150390625,23624.0,23442.599609375,23567.0,23567.0,280300
2024-06-21,NIFTY50,23661.150390625,23667.099609375,23398.19921875,23501.099609375,23501.099609375,609900
2024-06-24,NIFTY50,23382.30078125,23558.099609375,23350.0,23537.849609375,23537.849609375,239400
2024-06-25,NIFTY50,23577.099609375,23754.150390625,23562.05078125,23721.30078125,23721.30078125,298100
2024-06-26,NIFTY50,23723.099609375,23889.900390625,23670.44921875,23868.80078125,23868.80078125,287800
2024-06-27,NIFTY50,23881.55078125,24087.44921875,23805.400390625,24044.5,24044.5,515200
2024-06-28,NIFTY50,24085.900390625,24174.0,23985.80078125,24010.599609375,24010.599609375,354800
2024-07-01,NIFTY50,23992.94921875,24164.0,23992.69921875,24141.94921875,24141.94921875,0
2024-07-02,NIFTY50,24228.75,24236.349609375,24056.400390625,24123.849609375,24123.849609375,0
2024-07-03,NIFTY50,24291.75,24309.150390625,24207.099609375,24286.5,24286.5,0
2024-07-04,NIFTY50,24369.94921875,24401.0,24281.0,24302.150390625,24302.150390625,251200
2024-07-05,NIFTY50,24213.349609375,24363.0,24168.849609375,24323.849609375,24323.849609375,298400
2024-07-08,NIFTY50,24329.44921875,24344.599609375,24240.55078125,24320.55078125,24320.55078125,266300
2024-07-09,NIFTY50,24351.0,24443.599609375,24331.900390625,24433.19921875,24433.19921875,250500
2024-07-10,NIFTY50,24459.849609375,24461.05078125,24141.80078125,24324.44921875,24324.44921875,292300
2024-07-11,NIFTY50,24396.55078125,24402.650390625,24193.75,24315.94921875,24315.94921875,306400
2024-07-12,NIFTY50,24387.94921875,24592.19921875,24331.150390625,24502.150390625,24502.150390625,325800
2024-07-15,NIFTY50,24587.599609375,24635.05078125,24522.75,24586.69921875,24586.69921875,305400
2024-07-16,NIFTY50,24615.900390625,24661.25,24587.650390625,24613.0,24613.0,283200
2024-07-18,NIFTY50,24543.80078125,24837.75,24504.44921875,24800.849609375,24800.849609375,350900
2024-07-19,NIFTY50,24853.80078125,24854.80078125,24508.150390625,24530.900390625,24530.900390625,343800
2024-07-22,NIFTY50,24445.75,24595.19921875,24362.30078125,24509.25,24509.25,324200
2024-07-23,NIFTY50,24568.900390625,24582.55078125,24074.19921875,24479.05078125,24479.05078125,436400
2024-07-24,NIFTY50,24444.94921875,24504.25,24307.25,24413.5,24413.5,366600
2024-07-25,NIFTY50,24230.94921875,24426.150390625,24210.80078125,24406.099609375,24406.099609375,391800
2024-07-26,NIFTY50,24423.349609375,24861.150390625,24410.900390625,24834.849609375,24834.849609375,383800
2024-07-29,NIFTY50,24943.30078125,24999.75,24774.599609375,24836.099609375,24836.099609375,355000
2024-07-30,NIFTY50,24839.400390625,24971.75,24798.650390625,24857.30078125,24857.30078125,385000
2024-07-31,NIFTY50,24886.69921875,24984.599609375,24856.5,24951.150390625,24951.150390625,333600
2024-08-01,NIFTY50,25030.94921875,25078.30078125,24956.400390625,25010.900390625,25010.900390625,431300
2024-08-02,NIFTY50,24789.0,24851.900390625,24686.849609375,24717.69921875,24717.69921875,345000
2024-08-05,NIFTY50,24302.849609375,24350.05078125,23893.69921875,24055.599609375,24055.599609375,487000
2024-08-06,NIFTY50,24189.849609375,24382.599609375,23960.400390625,23992.55078125,23992.55078125,312300
2024-08-07,NIFTY50,24289.400390625,24337.69921875,24184.900390625,24297.5,24297.5,317600
2024-08-08,NIFTY50,24248.55078125,24340.5,24079.69921875,24117.0,24117.0,311900
2024-08-09,NIFTY50,24386.849609375,24419.75,24311.19921875,24367.5,24367.5,215100
2024-08-12,NIFTY50,24320.05078125,24472.80078125,24212.099609375,24347.0,24347.0,279900
2024-08-13,NIFTY50,24342.349609375,24359.94921875,24116.5,24139.0,24139.0,239700
2024-08-14,NIFTY50,24184.400390625,24196.5,24099.69921875,24143.75,24143.75,303300
2024-08-16,NIFTY50,24334.849609375,24563.900390625,24204.5,24541.150390625,24541.150390625,271600
2024-08-19,NIFTY50,24636.349609375,24638.80078125,24522.94921875,24572.650390625,24572.650390625,243600
2024-08-20,NIFTY50,24648.900390625,24734.30078125,24607.19921875,24698.849609375,24698.849609375,238300
2024-08-21,NIFTY50,24680.55078125,24787.94921875,24654.5,24770.19921875,24770.19921875,257100
2024-08-22,NIFTY50,24863.400390625,24867.349609375,24784.44921875,24811.5,24811.5,220300
2024-08-23,NIFTY50,24845.400390625,24858.400390625,24771.650390625,24823.150390625,24823.150390625,206800
2024-08-26,NIFTY50,24906.099609375,25043.80078125,24874.69921875,25010.599609375,25010.599609375,210300
2024-08-27,NIFTY50,25024.80078125,25073.099609375,24973.650390625,25017.75,25017.75,223300
2024-08-28,NIFTY50,25030.80078125,25129.599609375,24964.650390625,25052.349609375,25052.349609375,220400
2024-08-29,NIFTY50,25035.30078125,25192.900390625,24998.5,25151.94921875,25151.94921875,354000
2024-08-30,NIFTY50,25249.69921875,25268.349609375,25199.400390625,25235.900390625,25235.900390625,638200
2024-09-02,NIFTY50,25333.599609375,25333.650390625,25235.5,25278.69921875,25278.69921875,222800
2024-09-03,NIFTY50,25313.400390625,25321.69921875,25235.80078125,25279.849609375,25279.849609375,212100
2024-09-04,NIFTY50,25089.94921875,25216.0,25083.80078125,25198.69921875,25198.69921875,253800
2024-09-05,NIFTY50,25250.5,25275.44921875,25127.75,25145.099609375,25145.099609375,222200
2024-09-06,NIFTY50,25093.69921875,25168.75,24801.30078125,24852.150390625,24852.150390625,311700
2024-09-09,NIFTY50,24823.400390625,24957.5,24753.150390625,24936.400390625,24936.400390625,254400
2024-09-10,NIFTY50,24999.400390625,25130.5,24896.80078125,25041.099609375,25041.099609375,251300
2024-09-11,NIFTY50,25034.0,25113.69921875,24885.150390625,24918.44921875,24918.44921875,279200
2024-09-12,NIFTY50,25059.650390625,25433.349609375,24941.44921875,25388.900390625,25388.900390625,380100
2024-09-13,NIFTY50,25430.44921875,25430.5,25292.44921875,25356.5,25356.5,250800
2024-09-16,NIFTY50,25406.650390625,25445.69921875,25336.19921875,25383.75,25383.75,168700
2024-09-17,NIFTY50,25416.900390625,25441.650390625,25352.25,25418.55078125,25418.55078125,216000
2024-09-18,NIFTY50,25402.400390625,25482.19921875,25285.55078125,25377.55078125,25377.55078125,215700
2024-09-19,NIFTY50,25487.05078125,25611.94921875,25376.05078125,25415.80078125,25415.80078125,314500
2024-09-20,NIFTY50,25525.94921875,25849.25,25426.599609375,25790.94921875,25790.94921875,533100
2024-09-23,NIFTY50,25872.55078125,25956.0,25847.349609375,25939.05078125,25939.05078125,209200
2024-09-24,NIFTY50,25921.44921875,26011.55078125,25886.849609375,25940.400390625,25940.400390625,384100
2024-09-25,NIFTY50,25899.44921875,26032.80078125,25871.349609375,26004.150390625,26004.150390625,278500
2024-09-26,NIFTY50,26005.400390625,26250.900390625,25998.400390625,26216.05078125,26216.05078125,370900
2024-09-27,NIFTY50,26248.25,26277.349609375,26151.400390625,26178.94921875,26178.94921875,490300
2024-09-30,NIFTY50,26061.30078125,26134.69921875,25794.099609375,25810.849609375,25810.849609375,343100
2024-10-01,NIFTY50,25788.44921875,25907.599609375,25739.19921875,25796.900390625,25796.900390625,247400
2024-10-03,NIFTY50,25452.849609375,25639.44921875,25230.30078125,25250.099609375,25250.099609375,423400
2024-10-04,NIFTY50,25181.900390625,25485.05078125,24966.80078125,25014.599609375,25014.599609375,374900
2024-10-07,NIFTY50,25084.099609375,25143.0,24694.349609375,24795.75,24795.75,374300
2024-10-08,NIFTY50,24832.19921875,25044.0,24756.80078125,25013.150390625,25013.150390625,333200
2024-10-09,NIFTY50,25065.80078125,25234.05078125,24947.69921875,24981.94921875,24981.94921875,290600
2024-10-10,NIFTY50,25067.05078125,25134.05078125,24979.400390625,24998.44921875,24998.44921875,261400
2024-10-11,NIFTY50,24985.30078125,25028.650390625,24920.05078125,24964.25,24964.25,210500
2024-10-14,NIFTY50,25023.44921875,25159.75,25017.5,25127.94921875,25127.94921875,206400
2024-10-15,NIFTY50,25186.30078125,25212.05078125,25008.150390625,25057.349609375,25057.349609375,257200
2024-10-16,NIFTY50,25008.55078125,25093.400390625,24908.44921875,24971.30078125,24971.30078125,226800
2024-10-17,NIFTY50,25027.400390625,25029.5,24728.900390625,24749.849609375,24749.849609375,252800
2024-10-18,NIFTY50,24664.94921875,24886.19921875,24567.650390625,24854.05078125,24854.05078125,290900
2024-10-21,NIFTY50,24956.150390625,24978.30078125,24679.599609375,24781.099609375,24781.099609375,242000
2024-10-22,NIFTY50,24798.650390625,24882.0,24445.80078125,24472.099609375,24472.099609375,279500
2024-10-23,NIFTY50,24378.150390625,24604.25,24378.099609375,24435.5,24435.5,284600
2024-10-24,NIFTY50,24412.69921875,24480.650390625,24341.19921875,24399.400390625,24399.400390625,216700
2024-10-25,NIFTY50,24418.05078125,24440.25,24073.900390625,24180.80078125,24180.80078125,372600
2024-10-28,NIFTY50,24251.099609375,24492.599609375,24134.900390625,24339.150390625,24339.150390625,278600
2024-10-29,NIFTY50,24328.849609375,24484.5,24140.849609375,24466.849609375,24466.849609375,332000
2024-10-30,NIFTY50,24371.44921875,24498.19921875,24307.30078125,24340.849609375,24340.849609375,285200
2024-10-31,NIFTY50,24349.849609375,24372.44921875,24172.599609375,24205.349609375,24205.349609375,287000
2024-11-01,NIFTY50,24302.75,24368.25,24280.19921875,24304.349609375,24304.349609375,38800
2024-11-04,NIFTY50,24315.75,24316.75,23816.150390625,23995.349609375,23995.349609375,285500
2024-11-05,NIFTY50,23916.5,24229.05078125,23842.75,24213.30078125,24213.30078125,289500
2024-11-06,NIFTY50,24308.75,24537.599609375,24204.05078125,24484.05078125,24484.05078125,351100
2024-11-07,NIFTY50,24489.599609375,24503.349609375,24179.05078125,24199.349609375,24199.349609375,322200
2024-11-08,NIFTY50,24207.69921875,24276.150390625,24066.650390625,24148.19921875,24148.19921875,298700
2024-11-11,NIFTY50,24087.25,24336.80078125,24004.599609375,24141.30078125,24141.30078125,273400
2024-11-12,NIFTY50,24225.80078125,24242.0,23839.150390625,23883.44921875,23883.44921875,255800
2024-11-13,NIFTY50,23822.44921875,23873.599609375,23509.599609375,23559.05078125,23559.05078125,304600
2024-11-14,NIFTY50,23542.150390625,23675.900390625,23484.150390625,23532.69921875,23532.69921875,257700
2024-11-18,NIFTY50,23605.30078125,23606.80078125,23350.400390625,23453.80078125,23453.80078125,263300
2024-11-19,NIFTY50,23529.55078125,23780.650390625,23464.80078125,23518.5,23518.5,297500
2024-11-21,NIFTY50,23488.44921875,23507.30078125,23263.150390625,23349.900390625,23349.900390625,420300
2024-11-22,NIFTY50,23411.80078125,23956.099609375,23359.0,23907.25,23907.25,367600
2024-11-25,NIFTY50,24253.55078125,24351.55078125,24135.44921875,24221.900390625,24221.900390625,687200
2024-11-26,NIFTY50,24343.30078125,24343.30078125,24125.400390625,24194.5,24194.5,230700
2024-11-27,NIFTY50,24204.80078125,24354.55078125,24145.650390625,24274.900390625,24274.900390625,295000
2024-11-28,NIFTY50,24274.150390625,24345.75,23873.349609375,23914.150390625,23914.150390625,366700
2024-11-29,NIFTY50,23927.150390625,24188.44921875,23927.150390625,24131.099609375,24131.099609375,282100
2024-12-02,NIFTY50,24140.849609375,24301.69921875,24008.650390625,24276.05078125,24276.05078125,220400
2024-12-03,NIFTY50,24367.5,24481.349609375,24280.0,24457.150390625,24457.150390625,339500
2024-12-04,NIFTY50,24488.75,24573.19921875,24366.30078125,24467.44921875,24467.44921875,348000
2024-12-05,NIFTY50,24539.150390625,24857.75,24295.55078125,24708.400390625,24708.400390625,361500
2024-12-06,NIFTY50,24729.44921875,24751.05078125,24620.5,24677.80078125,24677.80078125,226700
2024-12-09,NIFTY50,24633.900390625,24705.0,24580.05078125,24619.0,24619.0,248100
2024-12-10,NIFTY50,24652.650390625,24677.80078125,24510.650390625,24610.05078125,24610.05078125,261000
2024-12-11,NIFTY50,24620.5,24691.75,24583.849609375,24641.80078125,24641.80078125,187300
2024-12-12,NIFTY50,24604.44921875,24675.25,24527.94921875,24548.69921875,24548.69921875,266100
2024-12-13,NIFTY50,24498.349609375,24792.30078125,24180.80078125,24768.30078125,24768.30078125,310100
2024-12-16,NIFTY50,24753.400390625,24781.25,24601.75,24668.25,24668.25,187600
2024-12-17,NIFTY50,24584.80078125,24624.099609375,24303.44921875,24336.0,24336.0,264900
2024-12-18,NIFTY50,24297.94921875,24394.44921875,24149.849609375,24198.849609375,24198.849609375,235300
2024-12-19,NIFTY50,23877.150390625,24004.900390625,23870.30078125,23951.69921875,23951.69921875,271100
2024-12-20,NIFTY50,23960.69921875,24065.80078125,23537.349609375,23587.5,23587.5,442700
2024-12-23,NIFTY50,23738.19921875,23869.55078125,23647.19921875,23753.44921875,23753.44921875,189800
2024-12-24,NIFTY50,23769.099609375,23867.650390625,23685.150390625,23727.650390625,23727.650390625,177700
2024-12-26,NIFTY50,23775.80078125,23854.5,23653.599609375,23750.19921875,23750.19921875,177700
2024-12-27,NIFTY50,23801.400390625,23938.849609375,23800.599609375,23813.400390625,23813.400390625,176800
2024-12-30,NIFTY50,23796.900390625,23915.349609375,23599.30078125,23644.900390625,23644.900390625,364900
2024-12-31,NIFTY50,23560.599609375,23689.849609375,23460.44921875,23644.80078125,23644.80078125,193600
2025-01-01,NIFTY50,23637.650390625,23822.80078125,23562.80078125,23742.900390625,23742.900390625,154900
2025-01-02,NIFTY50,23783.0,24226.69921875,23751.55078125,24188.650390625,24188.650390625,283200
2025-01-03,NIFTY50,24196.400390625,24196.44921875,23976.0,24004.75,24004.75,312300
2025-01-06,NIFTY50,24045.80078125,24089.94921875,23551.900390625,23616.05078125,23616.05078125,278100
2025-01-07,NIFTY50,23679.900390625,23795.19921875,23637.80078125,23707.900390625,23707.900390625,262300
2025-01-08,NIFTY50,23746.650390625,23751.849609375,23496.150390625,23688.94921875,23688.94921875,266400
2025-01-09,NIFTY50,23674.75,23689.5,23503.05078125,23526.5,23526.5,269200
2025-01-10,NIFTY50,23551.900390625,23596.599609375,23344.349609375,23431.5,23431.5,261000
2025-01-13,NIFTY50,23195.400390625,23340.94921875,23047.25,23085.94921875,23085.94921875,316500
2025-01-14,NIFTY50,23165.900390625,23264.94921875,23134.150390625,23176.05078125,23176.05078125,311200
2025-01-15,NIFTY50,23250.44921875,23293.650390625,23146.44921875,23213.19921875,23213.19921875,228000
2025-01-16,NIFTY50,23377.25,23391.650390625,23272.05078125,23311.80078125,23311.80078125,299400
2025-01-17,NIFTY50,23277.099609375,23292.099609375,23100.349609375,23203.19921875,23203.19921875,272900
2025-01-20,NIFTY50,23290.400390625,23391.099609375,23170.650390625,23344.75,23344.75,301500
2025-01-21,NIFTY50,23421.650390625,23426.30078125,22976.849609375,23024.650390625,23024.650390625,312900
2025-01-22,NIFTY50,23099.150390625,23169.55078125,22981.30078125,23155.349609375,23155.349609375,276000
2025-01-23,NIFTY50,23128.30078125,23270.80078125,23090.650390625,23205.349609375,23205.349609375,275600
2025-01-24,NIFTY50,23183.900390625,23347.30078125,23050.0,23092.19921875,23092.19921875,264300
2025-01-27,NIFTY50,22940.150390625,23007.44921875,22786.900390625,22829.150390625,22829.150390625,257400
2025-01-28,NIFTY50,22960.44921875,23137.94921875,22857.650390625,22957.25,22957.25,361900
2025-01-29,NIFTY50,23026.75,23183.349609375,22976.5,23163.099609375,23163.099609375,226300
2025-01-30,NIFTY50,23169.5,23322.05078125,23139.19921875,23249.5,23249.5,361900
2025-01-31,NIFTY50,23296.75,23546.80078125,23277.400390625,23508.400390625,23508.400390625,304900
2025-02-01,NIFTY50,23528.599609375,23632.44921875,23318.30078125,23482.150390625,23482.150390625,281000
2025-02-03,NIFTY50,23319.349609375,23381.599609375,23222.0,23361.05078125,23361.05078125,329700
2025-02-04,NIFTY50,23509.900390625,23762.75,23423.150390625,23739.25,23739.25,376700
2025-02-05,NIFTY50,23801.75,23807.30078125,23680.44921875,23696.30078125,23696.30078125,267000
2025-02-06,NIFTY50,23761.94921875,23773.55078125,23556.25,23603.349609375,23603.349609375,307000
2025-02-07,NIFTY50,23649.5,23694.5,23443.19921875,23559.94921875,23559.94921875,368100
2025-02-10,NIFTY50,23543.80078125,23568.599609375,23316.30078125,23381.599609375,23381.599609375,234200
2025-02-11,NIFTY50,23383.55078125,23390.05078125,22986.650390625,23071.80078125,23071.80078125,268000
2025-02-12,NIFTY50,23050.80078125,23144.69921875,22798.349609375,23045.25,23045.25,279700
2025-02-13,NIFTY50,23055.75,23235.5,22992.19921875,23031.400390625,23031.400390625,265700
2025-02-14,NIFTY50,23096.44921875,23133.69921875,22774.849609375,22929.25,22929.25,254500
2025-02-17,NIFTY50,22809.900390625,22974.19921875,22725.44921875,22959.5,22959.5,207400
2025-02-18,NIFTY50,22963.650390625,22992.5,22801.5,22945.30078125,22945.30078125,210600
2025-02-19,NIFTY50,22847.25,23049.94921875,22814.849609375,22932.900390625,22932.900390625,207000
2025-02-20,NIFTY50,22821.099609375,22923.849609375,22812.75,22913.150390625,22913.150390625,240800
2025-02-21,NIFTY50,22857.19921875,22921.0,22720.30078125,22795.900390625,22795.900390625,242800
2025-02-24,NIFTY50,22609.349609375,22668.05078125,22518.80078125,22553.349609375,22553.349609375,214300
2025-02-25,NIFTY50,22516.44921875,22625.30078125,22513.900390625,22547.55078125,22547.55078125,250300
2025-02-27,NIFTY50,22568.94921875,22613.30078125,22508.400390625,22545.05078125,22545.05078125,289200
2025-02-28,NIFTY50,22433.400390625,22450.349609375,22104.849609375,22124.69921875,22124.69921875,551300
2025-03-03,NIFTY50,22194.55078125,22261.55078125,22004.69921875,22119.30078125,22119.30078125,282400
2025-03-04,NIFTY50,21974.44921875,22105.05078125,21964.599609375,22082.650390625,22082.650390625,253300
2025-03-05,NIFTY50,22073.05078125,22394.900390625,22067.80078125,22337.30078125,22337.30078125,305900
2025-03-06,NIFTY50,22476.349609375,22556.44921875,22245.849609375,22544.69921875,22544.69921875,372100
2025-03-07,NIFTY50,22508.650390625,22633.80078125,22464.75,22552.5,22552.5,289800
2025-03-10,NIFTY50,22521.849609375,22676.75,22429.05078125,22460.30078125,22460.30078125,293900
2025-03-11,NIFTY50,22345.94921875,22522.099609375,22314.69921875,22497.900390625,22497.900390625,347900
2025-03-12,NIFTY50,22536.349609375,22577.400390625,22329.55078125,22470.5,22470.5,369700
2025-03-13,NIFTY50,22541.5,22558.05078125,22377.349609375,22397.19921875,22397.19921875,287500
2025-03-17,NIFTY50,22353.150390625,22577.0,22353.150390625,22508.75,22508.75,251100
2025-03-18,NIFTY50,22662.25,22857.80078125,22599.19921875,22834.30078125,22834.30078125,272600
2025-03-19,NIFTY50,22874.94921875,22940.69921875,22807.94921875,22907.599609375,22907.599609375,324000
2025-03-20,NIFTY50,23036.599609375,23216.69921875,22973.94921875,23190.650390625,23190.650390625,313700
2025-03-21,NIFTY50,23168.25,23402.69921875,23132.80078125,23350.400390625,23350.400390625,541000
2025-03-24,NIFTY50,23515.400390625,23708.75,23433.5,23658.349609375,23658.349609375,311900
2025-03-25,NIFTY50,23751.5,23869.599609375,23601.400390625,23668.650390625,23668.650390625,338200
2025-03-26,NIFTY50,23700.94921875,23736.5,23451.69921875,23486.849609375,23486.849609375,278600
2025-03-27,NIFTY50,23433.94921875,23646.44921875,23412.19921875,23591.94921875,23591.94921875,510300
2025-03-28,NIFTY50,23600.400390625,23649.19921875,23450.19921875,23519.349609375,23519.349609375,295400
2025-04-01,NIFTY50,23341.099609375,23565.150390625,23136.400390625,23165.69921875,23165.69921875,314300
2025-04-02,NIFTY50,23192.599609375,23350.0,23158.44921875,23332.349609375,23332.349609375,341000
2025-04-03,NIFTY50,23150.30078125,23306.5,23145.80078125,23250.099609375,23250.099609375,283200
2025-04-04,NIFTY50,23190.400390625,23214.69921875,22857.44921875,22904.44921875,22904.44921875,466800
2025-04-07,NIFTY50,21758.400390625,22254.0,21743.650390625,22161.599609375,22161.599609375,647100
2025-04-08,NIFTY50,22446.75,22697.19921875,22270.849609375,22535.849609375,22535.849609375,468300
2025-04-09,NIFTY50,22460.30078125,22468.69921875,22353.25,22399.150390625,22399.150390625,383800
2025-04-11,NIFTY50,22695.400390625,22923.900390625,22695.400390625,22828.55078125,22828.55078125,402200
2025-04-15,NIFTY50,23368.349609375,23368.349609375,23207.0,23328.55078125,23328.55078125,388300
2025-04-16,NIFTY50,23344.099609375,23452.19921875,23273.05078125,23437.19921875,23437.19921875,348400
2025-04-17,NIFTY50,23401.849609375,23872.349609375,23298.55078125,23851.650390625,23851.650390625,505300
2025-04-21,NIFTY50,23949.150390625,24189.55078125,23903.650390625,24125.55078125,24125.55078125,406100
2025-04-22,NIFTY50,24185.400390625,24242.599609375,24072.0,24167.25,24167.25,440900
2025-04-23,NIFTY50,24357.599609375,24359.30078125,24119.94921875,24328.94921875,24328.94921875,415000
2025-04-24,NIFTY50,24277.900390625,24347.849609375,24216.150390625,24246.69921875,24246.69921875,358800
2025-04-25,NIFTY50,24289.0,24365.44921875,23847.849609375,24039.349609375,24039.349609375,387700
2025-04-28,NIFTY50,24070.25,24355.099609375,24054.05078125,24328.5,24328.5,320500
2025-04-29,NIFTY50,24370.69921875,24457.650390625,24290.75,24335.94921875,24335.94921875,357600
2025-04-30,NIFTY50,24342.05078125,24396.150390625,24198.75,24334.19921875,24334.19921875,424500
2025-05-02,NIFTY50,24311.900390625,24589.150390625,24238.5,24346.69921875,24346.69921875,421100
2025-05-05,NIFTY50,24419.5,24526.400390625,24400.650390625,24461.150390625,24461.150390625,291500
2025-05-06,NIFTY50,24500.75,24509.650390625,24331.80078125,24379.599609375,24379.599609375,302400
2025-05-07,NIFTY50,24233.30078125,24449.599609375,24220.0,24414.400390625,24414.400390625,330100
2025-05-08,NIFTY50,24431.5,24447.25,24150.19921875,24273.80078125,24273.80078125,411400
2025-05-09,NIFTY50,23935.75,24164.25,23935.75,24008.0,24008.0,335600
2025-05-12,NIFTY50,24420.099609375,24944.80078125,24378.849609375,24924.69921875,24924.69921875,368700
2025-05-13,NIFTY50,24864.05078125,24973.80078125,24547.5,24578.349609375,24578.349609375,423000
2025-05-14,NIFTY50,24613.80078125,24767.55078125,24535.55078125,24666.900390625,24666.900390625,345500
2025-05-15,NIFTY50,24694.44921875,25116.25,24494.44921875,25062.099609375,25062.099609375,500800
2025-05-16,NIFTY50,25064.650390625,25070.0,24953.05078125,25019.80078125,25019.80078125,432700
2025-05-19,NIFTY50,25005.349609375,25062.94921875,24916.650390625,24945.44921875,24945.44921875,255300
2025-05-20,NIFTY50,24996.19921875,25010.349609375,24669.69921875,24683.900390625,24683.900390625,414800
2025-05-21,NIFTY50,24744.25,24946.19921875,24685.349609375,24813.44921875,24813.44921875,332700
2025-05-22,NIFTY50,24733.94921875,24737.5,24462.400390625,24609.69921875,24609.69921875,403300
2025-05-23,NIFTY50,24639.5,24909.05078125,24614.05078125,24853.150390625,24853.150390625,270500
2025-05-26,NIFTY50,24919.349609375,25079.19921875,24900.5,25001.150390625,25001.150390625,302800
2025-05-27,NIFTY50,24956.650390625,25062.900390625,24704.099609375,24826.19921875,24826.19921875,525700
2025-05-28,NIFTY50,24832.5,24864.25,24737.05078125,24752.44921875,24752.44921875,684400
2025-05-29,NIFTY50,24825.099609375,24892.599609375,24677.30078125,24833.599609375,24833.599609375,345400
2025-05-30,NIFTY50,24812.599609375,24863.94921875,24717.400390625,24750.69921875,24750.69921875,853900
2025-06-02,NIFTY50,24669.69921875,24754.400390625,24526.150390625,24716.599609375,24716.599609375,311100
2025-06-03,NIFTY50,24786.30078125,24845.099609375,24502.150390625,24542.5,24542.5,349300
2025-06-04,NIFTY50,24560.44921875,24644.25,24530.44921875,24620.19921875,24620.19921875,280900
2025-06-05,NIFTY50,24691.19921875,24899.849609375,24613.099609375,24750.900390625,24750.900390625,388400
2025-06-06,NIFTY50,24748.69921875,25029.5,24671.44921875,25003.05078125,25003.05078125,335600
2025-06-09,NIFTY50,25160.099609375,25160.099609375,25077.150390625,25103.19921875,25103.19921875,279200
2025-06-10,NIFTY50,25196.05078125,25199.30078125,25055.44921875,25104.25,25104.25,307300
2025-06-11,NIFTY50,25134.150390625,25222.400390625,25081.30078125,25141.400390625,25141.400390625,301200
2025-06-12,NIFTY50,25164.44921875,25196.19921875,24825.900390625,24888.19921875,24888.19921875,328300
2025-06-13,NIFTY50,24473.0,24754.349609375,24473.0,24718.599609375,24718.599609375,318700
2025-06-16,NIFTY50,24732.349609375,24967.099609375,24703.599609375,24946.5,24946.5,305800
2025-06-17,NIFTY50,24977.849609375,24982.05078125,24813.69921875,24853.400390625,24853.400390625,242400
2025-06-18,NIFTY50,24788.349609375,24947.55078125,24750.44921875,24812.05078125,24812.05078125,237600
2025-06-19,NIFTY50,24803.25,24863.099609375,24733.400390625,24793.25,24793.25,274600
2025-06-20,NIFTY50,24787.650390625,25136.19921875,24783.650390625,25112.400390625,25112.400390625,574700
2025-06-23,NIFTY50,24939.75,25057.0,24824.849609375,24971.900390625,24971.900390625,248500
2025-06-24,NIFTY50,25179.900390625,25317.69921875,24999.69921875,25044.349609375,25044.349609375,450200
2025-06-25,NIFTY50,25150.349609375,25266.80078125,25125.05078125,25244.75,25244.75,260600
2025-06-26,NIFTY50,25268.94921875,25565.30078125,25259.900390625,25549.0,25549.0,428900
2025-06-27,NIFTY50,25576.650390625,25654.19921875,25523.55078125,25637.80078125,25637.80078125,564000
2025-06-30,NIFTY50,25661.650390625,25669.349609375,25473.30078125,25517.05078125,25517.05078125,271000
2025-07-01,NIFTY50,25551.349609375,25593.400390625,25501.80078125,25541.80078125,25541.80078125,260700
2025-07-02,NIFTY50,25588.30078125,25608.099609375,25378.75,25453.400390625,25453.400390625,309800
2025-07-03,NIFTY50,25505.099609375,25587.5,25384.349609375,25405.30078125,25405.30078125,293400
2025-07-04,NIFTY50,25428.849609375,25470.25,25331.650390625,25461.0,25461.0,193500
2025-07-07,NIFTY50,25450.44921875,25489.80078125,25407.25,25461.30078125,25461.30078125,196100
2025-07-08,NIFTY50,25427.849609375,25548.05078125,25424.150390625,25522.5,25522.5,210400
2025-07-09,NIFTY50,25514.599609375,25548.69921875,25424.349609375,25476.099609375,25476.099609375,239100
2025-07-10,NIFTY50,25511.650390625,25524.05078125,25340.44921875,25355.25,25355.25,219600
2025-07-11,NIFTY50,25255.5,25322.44921875,25129.0,25149.849609375,25149.849609375,250000
2025-07-14,NIFTY50,25149.5,25151.099609375,25001.94921875,25082.30078125,25082.30078125,259500
2025-07-15,NIFTY50,25089.5,25245.19921875,25088.44921875,25195.80078125,25195.80078125,241300
2025-07-16,NIFTY50,25196.599609375,25255.30078125,25121.05078125,25212.05078125,25212.05078125,228800
2025-07-17,NIFTY50,25230.75,25238.349609375,25101.0,25111.44921875,25111.44921875,243400
2025-07-18,NIFTY50,25108.55078125,25144.599609375,24918.650390625,24968.400390625,24968.400390625,317000
2025-07-21,NIFTY50,24999.0,25111.400390625,24882.30078125,25090.69921875,25090.69921875,305200
2025-07-22,NIFTY50,25166.650390625,25182.0,25035.55078125,25060.900390625,25060.900390625,483700
2025-07-23,NIFTY50,25139.349609375,25233.5,25085.5,25219.900390625,25219.900390625,271500
2025-07-24,NIFTY50,25243.30078125,25246.25,25018.69921875,25062.099609375,25062.099609375,338700
2025-07-25,NIFTY50,25010.349609375,25010.349609375,24806.349609375,24837.0,24837.0,278100
2025-07-28,NIFTY50,24782.44921875,24889.19921875,24646.599609375,24680.900390625,24680.900390625,262100
2025-07-29,NIFTY50,24609.650390625,24847.150390625,24598.599609375,24821.099609375,24821.099609375,284700
2025-07-30,NIFTY50,24890.400390625,24902.30078125,24771.94921875,24855.05078125,24855.05078125,243900
2025-07-31,NIFTY50,24642.25,24956.5,24635.0,24768.349609375,24768.349609375,346300
2025-08-01,NIFTY50,24734.900390625,24784.150390625,24535.05078125,24565.349609375,24565.349609375,263400
2025-08-04,NIFTY50,24596.05078125,24736.25,24554.0,24722.75,24722.75,259300
2025-08-05,NIFTY50,24720.25,24733.099609375,24590.30078125,24649.55078125,24649.55078125,251800
2025-08-06,NIFTY50,24641.349609375,24671.400390625,24539.19921875,24574.19921875,24574.19921875,225100
2025-08-07,NIFTY50,24464.19921875,24634.19921875,24344.150390625,24596.150390625,24596.150390625,616700
2025-08-08,NIFTY50,24544.25,24585.5,24337.5,24363.30078125,24363.30078125,312600
2025-08-11,NIFTY50,24371.5,24600.849609375,24347.44921875,24585.05078125,24585.05078125,241100
2025-08-12,NIFTY50,24563.349609375,24702.599609375,24465.650390625,24487.400390625,24487.400390625,237000
2025-08-13,NIFTY50,24586.19921875,24664.55078125,24535.25,24619.349609375,24619.349609375,236000
2025-08-14,NIFTY50,24607.25,24673.650390625,24596.900390625,24631.30078125,24631.30078125,270200
2025-08-18,NIFTY50,24938.19921875,25022.0,24852.849609375,24876.94921875,24876.94921875,363100
2025-08-19,NIFTY50,24891.349609375,25012.650390625,24873.94921875,24980.650390625,24980.650390625,252300
2025-08-20,NIFTY50,24965.80078125,25088.69921875,24929.69921875,25050.55078125,25050.55078125,287100
2025-08-21,NIFTY50,25142.0,25153.650390625,25054.900390625,25083.75,25083.75,226500
2025-08-22,NIFTY50,25064.150390625,25084.849609375,24859.150390625,24870.099609375,24870.099609375,210200
2025-08-25,NIFTY50,24949.150390625,25021.55078125,24894.349609375,24967.75,24967.75,213000
2025-08-26,NIFTY50,24899.5,24919.650390625,24689.599609375,24712.05078125,24712.05078125,750500
2025-08-28,NIFTY50,24695.80078125,24702.650390625,24481.599609375,24500.900390625,24500.900390625,326600
2025-08-29,NIFTY50,24466.69921875,24572.44921875,24404.69921875,24426.849609375,24426.849609375,325500
2025-09-01,NIFTY50,24432.69921875,24635.599609375,24432.69921875,24625.05078125,24625.05078125,229300
2025-09-02,NIFTY50,24653.0,24756.099609375,24522.349609375,24579.599609375,24579.599609375,271600
2025-09-03,NIFTY50,24616.5,24737.05078125,24533.19921875,24715.05078125,24715.05078125,340300
2025-09-04,NIFTY50,24980.75,24980.75,24708.19921875,24734.30078125,24734.30078125,314100
2025-09-05,NIFTY50,24818.849609375,24832.349609375,24621.599609375,24741.0,24741.0,210100
2025-09-08,NIFTY50,24802.599609375,24885.5,24751.55078125,24773.150390625,24773.150390625,213200
2025-09-09,NIFTY50,24864.099609375,24891.80078125,24814.0,24868.599609375,24868.599609375,226900
2025-09-10,NIFTY50,24991.0,25035.69921875,24915.05078125,24973.099609375,24973.099609375,244100
2025-09-11,NIFTY50,24945.5,25037.30078125,24940.150390625,25005.5,25005.5,224600
2025-09-12,NIFTY50,25074.44921875,25139.44921875,25038.05078125,25114.0,25114.0,225700
2025-09-15,NIFTY50,25118.900390625,25138.44921875,25048.75,25069.19921875,25069.19921875,185400
2025-09-16,NIFTY50,25073.599609375,25261.400390625,25070.44921875,25239.099609375,25239.099609375,240100
2025-09-17,NIFTY50,25276.599609375,25346.5,25275.349609375,25330.25,25330.25,268900
2025-09-18,NIFTY50,25441.05078125,25448.94921875,25329.75,25423.599609375,25423.599609375,272200
2025-09-19,NIFTY50,25410.19921875,25428.75,25286.30078125,25327.05078125,25327.05078125,380400
2025-09-22,NIFTY50,25238.099609375,25331.69921875,25151.05078125,25202.349609375,25202.349609375,254500
2025-09-23,NIFTY50,25209.0,25261.900390625,25084.650390625,25169.5,25169.5,299200
2025-09-24,NIFTY50,25108.75,25149.849609375,25027.44921875,25056.900390625,25056.900390625,244400
2025-09-25,NIFTY50,25034.5,25092.69921875,24878.30078125,24890.849609375,24890.849609375,342500
2025-09-26,NIFTY50,24818.55078125,24868.599609375,24629.44921875,24654.69921875,24654.69921875,291500
2025-09-29,NIFTY50,24728.55078125,24791.30078125,24606.19921875,24634.900390625,24634.900390625,394400
2025-09-30,NIFTY50,24691.94921875,24731.80078125,24587.69921875,24611.099609375,24611.099609375,303000
2025-10-01,NIFTY50,24620.55078125,24867.94921875,24605.94921875,24836.30078125,24836.30078125,308900
2025-10-03,NIFTY50,24759.55078125,24904.80078125,24747.55078125,24894.25,24894.25,365900
2025-10-06,NIFTY50,24916.55078125,25095.94921875,24881.650390625,25077.650390625,25077.650390625,268800
2025-10-07,NIFTY50,25085.30078125,25220.900390625,25076.30078125,25108.30078125,25108.30078125,288000
2025-10-08,NIFTY50,25079.75,25192.5,25008.5,25046.150390625,25046.150390625,227400
2025-10-09,NIFTY50,25074.30078125,25199.25,25024.30078125,25181.80078125,25181.80078125,286300
2025-10-10,NIFTY50,25167.650390625,25330.75,25156.849609375,25285.349609375,25285.349609375,232900
2025-10-13,NIFTY50,25177.30078125,25267.30078125,25152.30078125,25227.349609375,25227.349609375,234300
2025-10-14,NIFTY50,25277.55078125,25310.349609375,25060.55078125,25145.5,25145.5,292100
2025-10-15,NIFTY50,25181.94921875,25365.150390625,25159.349609375,25323.55078125,25323.55078125,289900
2025-10-16,NIFTY50,25394.900390625,25625.400390625,25376.849609375,25585.30078125,25585.30078125,372800
2025-10-17,NIFTY50,25546.849609375,25781.5,25508.599609375,25709.849609375,25709.849609375,422100
2025-10-20,NIFTY50,25824.599609375,25926.19921875,25788.5,25843.150390625,25843.150390625,301100
2025-10-21,NIFTY50,25901.19921875,25934.349609375,25825.80078125,25868.599609375,25868.599609375,42500
2025-10-23,NIFTY50,26057.19921875,26104.19921875,25862.44921875,25891.400390625,25891.400390625,448400
2025-10-24,NIFTY50,25935.099609375,25944.150390625,25718.19921875,25795.150390625,25795.150390625,284900
2025-10-27,NIFTY50,25843.19921875,26005.94921875,25827.0,25966.05078125,25966.05078125,266300
2025-10-28,NIFTY50,25939.94921875,26041.69921875,25810.05078125,25936.19921875,25936.19921875,395200
2025-10-29,NIFTY50,25982.0,26097.849609375,25960.30078125,26053.900390625,26053.900390625,321900
2025-10-30,NIFTY50,25984.400390625,26032.05078125,25845.25,25877.849609375,25877.849609375,257400
2025-10-31,NIFTY50,25863.80078125,25953.75,25711.19921875,25722.099609375,25722.099609375,334400
2025-11-03,NIFTY50,25696.849609375,25803.099609375,25645.5,25763.349609375,25763.349609375,23300
2025-11-04,NIFTY50,25744.75,25787.400390625,25578.400390625,25597.650390625,25597.650390625,305100
2025-11-06,NIFTY50,25593.349609375,25679.150390625,25491.55078125,25509.69921875,25509.69921875,371900
2025-11-07,NIFTY50,25433.80078125,25551.25,25318.44921875,25492.30078125,25492.30078125,305600
2025-11-10,NIFTY50,25503.5,25653.44921875,25503.5,25574.349609375,25574.349609375,243600
2025-11-11,NIFTY50,25617.0,25715.80078125,25449.25,25694.94921875,25694.94921875,297700
2025-11-12,NIFTY50,25834.30078125,25934.55078125,25781.150390625,25875.80078125,25875.80078125,312600
2025-11-13,NIFTY50,25906.099609375,26010.69921875,25808.400390625,25879.150390625,25879.150390625,385200
2025-11-14,NIFTY50,25767.900390625,25940.19921875,25740.80078125,25910.05078125,25910.05078125,518900
2025-11-17,NIFTY50,25948.19921875,26024.19921875,25906.349609375,26013.44921875,26013.44921875,281800
2025-11-18,NIFTY50,26021.80078125,26029.849609375,25876.5,25910.05078125,25910.05078125,280000
2025-11-19,NIFTY50,25918.099609375,26074.650390625,25856.19921875,26052.650390625,26052.650390625,250100
2025-11-20,NIFTY50,26132.099609375,26246.650390625,26063.19921875,26192.150390625,26192.150390625,240400
2025-11-21,NIFTY50,26109.55078125,26179.19921875,26052.19921875,26068.150390625,26068.150390625,235600
2025-11-24,NIFTY50,26122.80078125,26142.80078125,25912.150390625,25959.5,25959.5,464700
2025-11-25,NIFTY50,25998.5,26032.599609375,25857.5,25884.80078125,25884.80078125,260500
2025-11-26,NIFTY50,25842.94921875,26215.150390625,25842.94921875,26205.30078125,26205.30078125,275300
2025-11-27,NIFTY50,26261.25,26310.44921875,26141.900390625,26215.55078125,26215.55078125,240300
2025-11-28,NIFTY50,26237.44921875,26280.75,26172.400390625,26202.94921875,26202.94921875,202500
2025-12-01,NIFTY50,26325.80078125,26325.80078125,26124.19921875,26175.75,26175.75,213800
2025-12-02,NIFTY50,26087.94921875,26154.599609375,25997.849609375,26032.19921875,26032.19921875,254800
2025-12-03,NIFTY50,26004.900390625,26066.44921875,25891.0,25986.0,25986.0,265700
2025-12-04,NIFTY50,25981.849609375,26098.25,25938.94921875,26033.75,26033.75,248100
2025-12-05,NIFTY50,25999.80078125,26202.599609375,25985.349609375,26186.44921875,26186.44921875,249300
2025-12-08,NIFTY50,26159.80078125,26178.69921875,25892.25,25960.55078125,25960.55078125,320700
2025-12-09,NIFTY50,25867.099609375,25923.650390625,25728.0,25839.650390625,25839.650390625,276000
2025-12-10,NIFTY50,25864.05078125,25947.650390625,25734.55078125,25758.0,25758.0,207900
2025-12-11,NIFTY50,25771.400390625,25922.80078125,25693.25,25898.55078125,25898.55078125,206100
2025-12-12,NIFTY50,25971.19921875,26057.599609375,25938.44921875,26046.94921875,26046.94921875,216300
2025-12-15,NIFTY50,25930.05078125,26047.150390625,25904.75,26027.30078125,26027.30078125,181600
2025-12-16,NIFTY50,25951.5,25980.75,25834.349609375,25860.099609375,25860.099609375,264400
2025-12-17,NIFTY50,25902.400390625,25929.150390625,25770.349609375,25818.55078125,25818.55078125,206500
2025-12-18,NIFTY50,25764.69921875,25902.349609375,25726.30078125,25815.55078125,25815.55078125,197600
2025-12-19,NIFTY50,25911.5,25993.349609375,25880.44921875,25966.400390625,25966.400390625,382900
2025-12-22,NIFTY50,26055.849609375,26180.69921875,26047.80078125,26172.400390625,26172.400390625,253000
2025-12-23,NIFTY50,26205.19921875,26233.55078125,26119.05078125,26177.150390625,26177.150390625,216600
2025-12-24,NIFTY50,26170.650390625,26236.400390625,26123.0,26142.099609375,26142.099609375,188800
2025-12-26,NIFTY50,26121.25,26144.19921875,26008.599609375,26042.30078125,26042.30078125,142200
2025-12-29,NIFTY50,26063.349609375,26106.80078125,25920.30078125,25942.099609375,25942.099609375,234300
2025-12-30,NIFTY50,25940.900390625,25976.75,25878.0,25938.849609375,25938.849609375,396900
2025-12-31,NIFTY50,25971.05078125,26187.94921875,25969.0,26129.599609375,26129.599609375,246300
2026-01-01,NIFTY50,26173.30078125,26197.55078125,26113.400390625,26146.55078125,26146.55078125,425600
2026-01-02,NIFTY50,26155.099609375,26340.0,26118.400390625,26328.55078125,26328.55078125,357500
2026-01-05,NIFTY50,26333.69921875,26373.19921875,26210.05078125,26250.30078125,26250.30078125,338800
2026-01-06,NIFTY50,26189.69921875,26273.94921875,26124.75,26178.69921875,26178.69921875,383000
2026-01-07,NIFTY50,26143.099609375,26187.150390625,26067.900390625,26140.75,26140.75,338200
2026-01-08,NIFTY50,26106.5,26133.19921875,25858.44921875,25876.849609375,25876.849609375,328500
2026-01-09,NIFTY50,25840.400390625,25940.599609375,25623.0,25683.30078125,25683.30078125,348800
2026-01-12,NIFTY50,25669.05078125,25813.150390625,25473.400390625,25790.25,25790.25,275800
2026-01-13,NIFTY50,25897.349609375,25899.80078125,25603.30078125,25732.30078125,25732.30078125,339500
2026-01-14,NIFTY50,25648.55078125,25791.75,25603.94921875,25665.599609375,25665.599609375,393100
2026-01-16,NIFTY50,25696.05078125,25873.5,25662.400390625,25694.349609375,25694.349609375,434000
2026-01-19,NIFTY50,25653.099609375,25653.30078125,25494.349609375,25585.5,25585.5,443100
2026-01-20,NIFTY50,25580.30078125,25585.0,25171.349609375,25232.5,25232.5,409800
2026-01-21,NIFTY50,25141.0,25300.94921875,24919.80078125,25157.5,25157.5,395600
2026-01-22,NIFTY50,25344.150390625,25435.75,25168.5,25289.900390625,25289.900390625,486400
2026-01-23,NIFTY50,25344.599609375,25347.94921875,25025.30078125,25048.650390625,25048.650390625,393900
2026-01-27,NIFTY50,25063.349609375,25246.650390625,24932.55078125,25175.400390625,25175.400390625,618700
2026-01-28,NIFTY50,25258.849609375,25372.099609375,25187.650390625,25342.75,25342.75,574900
2026-01-29,NIFTY50,25345.0,25458.150390625,25159.80078125,25418.900390625,25418.900390625,582400
2026-01-30,NIFTY50,25247.55078125,25370.69921875,25213.650390625,25320.650390625,25320.650390625,508400
2026-02-02,NIFTY50,24796.5,25108.099609375,24679.400390625,25088.400390625,25088.400390625,449200
2026-02-03,NIFTY50,26308.05078125,26341.19921875,25641.30078125,25727.55078125,25727.55078125,637300
2026-02-04,NIFTY50,25675.05078125,25818.55078125,25563.94921875,25776.0,25776.0,429800
2026-02-05,NIFTY50,25755.900390625,25757.650390625,25579.5,25642.80078125,25642.80078125,343800
2026-02-06,NIFTY50,25605.80078125,25703.94921875,25491.900390625,25693.69921875,25693.69921875,375500
2026-02-09,NIFTY50,25888.69921875,25922.25,25780.900390625,25867.30078125,25867.30078125,359400
2026-02-10,NIFTY50,25922.650390625,25989.44921875,25870.44921875,25935.150390625,25935.150390625,460900
2026-02-11,NIFTY50,25997.44921875,26009.400390625,25899.80078125,25953.849609375,25953.849609375,331400
2026-02-12,NIFTY50,25906.69921875,25906.69921875,25752.400390625,25807.19921875,25807.19921875,419400
2026-02-13,NIFTY50,25571.150390625,25630.349609375,25444.30078125,25471.099609375,25471.099609375,453500
2026-02-16,NIFTY50,25423.599609375,25697.0,25372.69921875,25682.75,25682.75,275800
2026-02-17,NIFTY50,25637.94921875,25764.400390625,25570.30078125,25725.400390625,25725.400390625,344100
2026-02-18,NIFTY50,25752.650390625,25828.05078125,25645.150390625,25819.349609375,25819.349609375,310200
2026-02-19,NIFTY50,25873.349609375,25885.30078125,25388.75,25454.349609375,25454.349609375,298200
2026-02-20,NIFTY50,25406.55078125,25663.55078125,25379.75,25571.25,25571.25,296600
2026-02-23,NIFTY50,25678.400390625,25771.44921875,25609.349609375,25713.0,25713.0,313700
2026-02-24,NIFTY50,25641.80078125,25641.80078125,25327.599609375,25424.650390625,25424.650390625,439100
2026-02-25,NIFTY50,25512.599609375,25652.599609375,25428.19921875,25482.5,25482.5,414200
2026-02-26,NIFTY50,25556.30078125,25572.94921875,25400.94921875,25496.55078125,25496.55078125,405200
2026-02-27,NIFTY50,25459.849609375,25476.400390625,25141.30078125,25178.650390625,25178.650390625,438900
2026-03-02,NIFTY50,24659.25,24989.349609375,24603.5,24865.69921875,24865.69921875,519200
2026-03-04,NIFTY50,24388.80078125,24602.44921875,24305.400390625,24480.5,24480.5,599000
2026-03-05,NIFTY50,24615.94921875,24854.19921875,24529.400390625,24765.900390625,24765.900390625,504300
2026-03-06,NIFTY50,24656.400390625,24700.900390625,24415.75,24450.44921875,24450.44921875,433400
2026-03-09,NIFTY50,23868.05078125,24078.150390625,23697.80078125,24028.05078125,24028.05078125,526900
2026-03-10,NIFTY50,24280.80078125,24303.80078125,24079.94921875,24261.599609375,24261.599609375,444300
2026-03-11,NIFTY50,24231.849609375,24299.0,23834.30078125,23866.849609375,23866.849609375,407400
2026-03-12,NIFTY50,23674.849609375,23833.150390625,23556.30078125,23639.150390625,23639.150390625,501000
2026-03-13,NIFTY50,23462.5,23492.400390625,23112.0,23151.099609375,23151.099609375,519800
2026-03-16,NIFTY50,23116.099609375,23502.0,22955.25,23408.80078125,23408.80078125,540300
2026-03-17,NIFTY50,23493.19921875,23656.80078125,23346.599609375,23581.150390625,23581.150390625,458800
2026-03-18,NIFTY50,23632.900390625,23862.25,23618.44921875,23777.80078125,23777.80078125,382900
2026-03-19,NIFTY50,23197.75,23378.69921875,22930.349609375,23002.150390625,23002.150390625,550100
2026-03-20,NIFTY50,23110.150390625,23345.150390625,23067.599609375,23114.5,23114.5,663300
2026-03-23,NIFTY50,22824.349609375,22851.69921875,22471.25,22512.650390625,22512.650390625,550300
2026-03-24,NIFTY50,22878.44921875,23057.30078125,22624.19921875,22912.400390625,22912.400390625,538100
2026-03-25,NIFTY50,23064.400390625,23465.349609375,23063.19921875,23306.44921875,23306.44921875,505400
2026-03-27,NIFTY50,23173.55078125,23186.099609375,22804.55078125,22819.599609375,22819.599609375,612600
2026-03-30,NIFTY50,22549.650390625,22714.099609375,22283.849609375,22331.400390625,22331.400390625,698600
2026-04-01,NIFTY50,22899.0,22941.30078125,22618.599609375,22679.400390625,22679.400390625,518000
2026-04-02,NIFTY50,22383.400390625,22782.30078125,22182.55078125,22713.099609375,22713.099609375,495100
2026-04-06,NIFTY50,22780.30078125,22998.349609375,22542.94921875,22968.25,22968.25,426400
2026-04-07,NIFTY50,22838.69921875,23153.849609375,22719.30078125,23123.650390625,23123.650390625,477000
2026-04-08,NIFTY50,23855.150390625,24025.150390625,23828.5,23997.349609375,23997.349609375,639300
2026-04-09,NIFTY50,23909.05078125,23990.75,23682.80078125,23775.099609375,23775.099609375,466600
2026-04-10,NIFTY50,23880.55078125,24074.05078125,23856.349609375,24050.599609375,24050.599609375,481300
2026-04-13,NIFTY50,23589.599609375,23907.400390625,23555.599609375,23842.650390625,23842.650390625,488800
2026-04-15,NIFTY50,24163.80078125,24280.900390625,24145.80078125,24231.30078125,24231.30078125,460300
2026-04-16,NIFTY50,24385.19921875,24400.94921875,24102.80078125,24196.75,24196.75,508000
2026-04-17,NIFTY50,24165.900390625,24371.900390625,24096.05078125,24353.55078125,24353.55078125,498600
2026-04-20,NIFTY50,24391.5,24480.650390625,24241.25,24364.849609375,24364.849609375,415900
2026-04-21,NIFTY50,24374.55078125,24601.69921875,24354.900390625,24576.599609375,24576.599609375,425800
2026-04-22,NIFTY50,24470.849609375,24515.94921875,24352.900390625,24378.099609375,24378.099609375,440500
2026-04-23,NIFTY50,24202.349609375,24310.19921875,24134.80078125,24173.05078125,24173.05078125,467500
2026-04-24,NIFTY50,24100.55078125,24206.0,23813.650390625,23897.94921875,23897.94921875,438400
2026-04-27,NIFTY50,23945.44921875,24130.69921875,23936.19921875,24092.69921875,24092.69921875,430300
2026-04-28,NIFTY50,24049.900390625,24181.80078125,23957.05078125,23995.69921875,23995.69921875,554100
2026-04-29,NIFTY50,24096.900390625,24334.69921875,24059.94921875,24177.650390625,24177.650390625,531100
2026-04-30,NIFTY50,23996.94921875,24087.44921875,23796.849609375,23997.55078125,23997.55078125,505500
2026-05-04,NIFTY50,24063.55078125,24290.19921875,24004.75,24119.30078125,24119.30078125,419100
2026-05-05,NIFTY50,24052.599609375,24081.69921875,23882.05078125,24032.80078125,24032.80078125,363300
2026-05-06,NIFTY50,24171.0,24356.5,23997.900390625,24330.94921875,24330.94921875,429200
2026-05-07,NIFTY50,24398.5,24482.099609375,24284.0,24326.650390625,24326.650390625,440600
2026-05-08,NIFTY50,24233.650390625,24253.80078125,24126.650390625,24176.150390625,24176.150390625,335900
2026-05-11,NIFTY50,23970.099609375,23997.44921875,23799.099609375,23815.849609375,23815.849609375,390100
2026-05-12,NIFTY50,23722.599609375,23757.55078125,23348.400390625,23379.55078125,23379.55078125,447500
2026-05-13,NIFTY50,23362.44921875,23582.94921875,23262.55078125,23412.599609375,23412.599609375,415400
2026-05-14,NIFTY50,23530.25,23777.19921875,23426.55078125,23689.599609375,23689.599609375,428700
2026-05-15,NIFTY50,23731.400390625,23839.30078125,23610.30078125,23643.5,23643.5,408900
2026-05-18,NIFTY50,23482.19921875,23695.650390625,23317.099609375,23649.94921875,23649.94921875,392000
2026-05-19,NIFTY50,23675.30078125,23782.30078125,23587.19921875,23618.0,23618.0,442000
2026-05-20,NIFTY50,23457.25,23690.900390625,23397.30078125,23659.0,23659.0,344100
2026-05-21,NIFTY50,23830.05078125,23859.900390625,23596.599609375,23654.69921875,23654.69921875,348200
2026-05-22,NIFTY50,23671.19921875,23835.650390625,23671.0,23719.30078125,23719.30078125,336100
2026-05-25,NIFTY50,23940.25,24054.44921875,23922.849609375,24031.69921875,24031.69921875,351200
2026-05-26,NIFTY50,24004.099609375,24089.80078125,23885.44921875,23913.69921875,23913.69921875,387900
2026-05-27,NIFTY50,23880.349609375,23983.19921875,23858.25,23907.150390625,23907.150390625,531600
2026-05-29,NIFTY50,23902.150390625,24002.80078125,23484.75,23547.75,23547.75,1198000
2026-06-01,NIFTY50,23654.5,23733.69921875,23357.94921875,23382.599609375,23382.599609375,421700
2026-06-02,NIFTY50,23229.150390625,23556.94921875,23229.150390625,23483.55078125,23483.55078125,511900
2026-06-03,NIFTY50,23415.94921875,23459.650390625,23151.5,23405.599609375,23405.599609375,450100
2026-06-04,NIFTY50,23282.44921875,23465.30078125,23247.30078125,23416.55078125,23416.55078125,412500
2026-06-05,NIFTY50,23478.94921875,23516.349609375,23282.650390625,23366.69921875,23366.69921875,366200
2026-06-08,NIFTY50,23080.69921875,23267.30078125,23070.150390625,23123.0,23123.0,375700
2026-06-09,NIFTY50,23259.05078125,23279.400390625,23104.44921875,23242.099609375,23242.099609375,402600
2026-06-10,NIFTY50,23233.94921875,23425.349609375,23184.599609375,23214.94921875,23214.94921875,380000
2026-06-11,NIFTY50,23104.400390625,23327.44921875,23072.05078125,23161.599609375,23161.599609375,363000
2026-06-12,NIFTY50,23412.55078125,23645.349609375,23313.900390625,23622.900390625,23622.900390625,351900
2026-06-15,NIFTY50,23984.849609375,24011.400390625,23817.80078125,23853.900390625,23853.900390625,398900
2026-06-16,NIFTY50,23923.900390625,24002.599609375,23888.19921875,23989.150390625,23989.150390625,327300
2026-06-17,NIFTY50,24044.5,24108.19921875,23969.69921875,24085.69921875,24085.69921875,352700
2026-06-18,NIFTY50,24073.80078125,24189.25,24036.94921875,24168.0,24168.0,340000
2026-06-19,NIFTY50,23991.19921875,24047.19921875,23901.900390625,24013.099609375,24013.099609375,447900
2026-06-22,NIFTY50,24106.599609375,24168.05078125,24073.150390625,24102.900390625,24102.900390625,252800
2026-06-23,NIFTY50,24071.30078125,24135.5,23784.94921875,23824.099609375,23824.099609375,340100
2026-06-24,NIFTY50,23795.80078125,24090.05078125,23789.25,24021.650390625,24021.650390625,395600
2026-06-25,NIFTY50,24125.849609375,24261.599609375,24039.0,24056.0,24056.0,448800
2026-06-29,NIFTY50,24061.75,24120.0,23924.55078125,23946.25,23946.25,588500
2026-06-30,NIFTY50,24032.05078125,24035.55078125,23829.19921875,23865.75,23865.75,449000
2026-07-01,NIFTY50,23897.650390625,24049.900390625,23895.099609375,24005.849609375,24005.849609375,352100
2026-07-02,NIFTY50,24062.19921875,24194.55078125,24058.80078125,24175.69921875,24175.69921875,372900
2026-07-03,NIFTY50,24375.650390625,24378.150390625,24252.349609375,24270.849609375,24270.849609375,326600
2026-07-06,NIFTY50,24306.849609375,24458.650390625,24287.099609375,24430.349609375,24430.349609375,329400
2026-07-07,NIFTY50,24464.44921875,24530.900390625,24348.94921875,24398.69921875,24398.69921875,412600
2026-07-08,NIFTY50,24259.55078125,24300.0,23805.19921875,23882.05078125,23882.05078125,420500
2026-07-09,NIFTY50,23928.94921875,24134.69921875,23925.69921875,23962.80078125,23962.80078125,384800
2026-07-10,NIFTY50,24124.69921875,24228.44921875,24120.349609375,24206.900390625,24206.900390625,313100
2026-07-13,NIFTY50,24039.400390625,24259.80078125,24000.19921875,24211.0,24211.0,322700
2026-07-14,NIFTY50,24068.0,24157.099609375,24023.69921875,24052.05078125,24052.05078125,355800
2026-07-15,NIFTY50,24085.849609375,24220.349609375,24010.55078125,24078.5,24078.5,306900
2026-07-16,NIFTY50,24142.099609375,24186.5,24050.0,24072.75,24072.75,264300
2026-07-17,NIFTY50,24127.599609375,24367.30078125,24099.05078125,24334.30078125,24334.30078125,387800
2026-07-20,NIFTY50,24190.05078125,24266.099609375,24135.849609375,24238.5,24238.5,353100
2026-07-21,NIFTY50,24216.05078125,24262.19921875,24135.650390625,24187.69921875,24187.69921875,315600
2026-07-22,NIFTY50,24150.44921875,24166.30078125,23961.400390625,23996.25,23996.25,304700
2026-07-23,NIFTY50,23904.80078125,23990.75,23807.19921875,23869.599609375,23869.599609375,344000
2026-07-24,NIFTY50,23666.349609375,23823.599609375,23606.30078125,23767.44921875,23767.44921875,333900
2026-07-27,NIFTY50,23928.400390625,24011.599609375,23891.55078125,23995.94921875,23995.94921875,319400
2026-07-28,NIFTY50,23971.25,24041.150390625,23954.599609375,23985.349609375,23985.349609375,437800
2026-07-29,NIFTY50,24176.650390625,24283.55078125,24136.75,24250.19921875,24250.19921875,424200
2026-07-30,NIFTY50,24249.55078125,24342.94921875,24187.099609375,24317.150390625,24317.150390625,400600
2026-07-31,NIFTY50,24361.44921875,24429.400390625,24299.69921875,24383.599609375,24383.599609375,411700
2026-08-03,NIFTY50,24572.69921875,24774.30078125,24515.150390625,24774.30078125,24774.30078125,342300
2026-08-04,NIFTY50,24703.900390625,24703.900390625,24427.94921875,24614.900390625,24614.900390625,296500
2026-08-05,NIFTY50,24669.19921875,24677.599609375,24497.94921875,24624.650390625,24624.650390625,355500
2026-08-06,NIFTY50,24641.0,24677.05078125,24604.150390625,24636.0,24636.0,344000
2026-08-07,NIFTY50,24538.900390625,24630.400390625,24522.75,24570.650390625,24570.650390625,254800
2026-08-10,NIFTY50,24581.25,24620.94921875,24511.099609375,24583.80078125,24583.80078125,269500
2026-08-11,NIFTY50,24575.099609375,24576.849609375,24429.25,24471.69921875,24471.69921875,271800
2026-08-12,NIFTY50,24472.44921875,24473.30078125,24265.94921875,24435.94921875,24435.94921875,317600
2026-08-13,NIFTY50,24431.599609375,24431.599609375,24311.400390625,24395.849609375,24395.849609375,295800
2026-08-14,NIFTY50,24361.900390625,24405.19921875,24296.80078125,24366.0,24366.0,267700
2026-08-17,NIFTY50,24343.44921875,24360.099609375,24226.94921875,24287.650390625,24287.650390625,225400
2026-08-18,NIFTY50,24223.849609375,24269.650390625,24154.900390625,24154.900390625,24154.900390625,227000
2026-08-19,NIFTY50,24152.05078125,24172.849609375,24025.650390625,24078.30078125,24078.30078125,238700
2026-08-20,NIFTY50,24225.44921875,24265.150390625,24184.55078125,24231.849609375,24231.849609375,253900
2026-08-21,NIFTY50,24284.05078125,24284.05078125,24206.80078125,24252.0,24252.0,259300
2026-08-24,NIFTY50,24285.05078125,24313.0,24144.30078125,24219.05078125,24219.05078125,236300
2026-08-25,NIFTY50,24175.75,24334.55078125,24115.44921875,24334.55078125,24334.55078125,239500
2026-08-26,NIFTY50,24341.94921875,24378.599609375,24207.75,24207.75,24207.75,244800
2026-08-27,NIFTY50,24277.599609375,24297.44921875,24090.849609375,24090.849609375,24090.849609375,323400
2026-08-28,NIFTY50,24122.599609375,24188.30078125,24076.849609375,24175.650390625,24175.650390625,296100
